time,median_length,median_delay,median_speed_kmh,median_level
2022-07-06 06:00:00,219.0,73.5,6.1225001500000005,3.5
2022-07-06 07:00:00,867.75,92.0,14.780000000000001,2.5
2022-07-06 08:00:00,849.0,111.25,18.395,2.5
2022-07-06 09:00:00,1076.0,123.25,17.740000000000002,2.5
2022-07-06 10:00:00,1024.5,119.5,17.814999999999998,2.5
2022-07-06 11:00:00,1065.0,178.0,12.19,3.0
2022-07-06 12:00:00,882.5,106.0,16.965,2.5
2022-07-06 13:00:00,1038.75,115.25,17.4299995,2.5
2022-07-06 14:00:00,1071.0,249.0,12.365,3.0
2022-07-06 15:00:00,1054.0,148.75,15.1649995,2.5
2022-07-06 16:00:00,1265.25,157.75,19.962500499999997,2.5
2022-07-06 17:00:00,1004.5,148.0,16.5975,2.5
2022-07-06 18:00:00,360.0,95.0,8.07,3.0
2022-07-06 19:00:00,1540.0,121.0,20.365000000000002,2.5
2022-07-06 20:00:00,1099.0,120.75,15.737499999999999,2.5
2022-07-06 21:00:00,1615.0,73.5,23.59,2.0
2022-07-06 22:00:00,,,,
2022-07-06 23:00:00,1160.5,68.25,27.525,1.5
2022-07-07 00:00:00,,,,
2022-07-07 01:00:00,,,,
2022-07-07 02:00:00,,,,
2022-07-07 03:00:00,,,,
2022-07-07 04:00:00,1172.25,153.0,16.322499999999998,2.5
2022-07-07 05:00:00,,,,
2022-07-07 06:00:00,475.5,131.0,8.01,3.5
2022-07-07 07:00:00,799.0,120.0,11.51,3.0
2022-07-07 08:00:00,799.0,123.0,16.06,3.0
2022-07-07 09:00:00,1253.75,99.0,17.855,2.5
2022-07-07 10:00:00,861.0,171.5,13.78,3.0
2022-07-07 11:00:00,586.0,104.5,9.51,2.5
2022-07-07 12:00:00,1014.5,127.5,16.5075005,2.5
2022-07-07 13:00:00,1224.75,121.5,18.0825,2.5
2022-07-07 14:00:00,1104.0,213.0,13.87,3.0
2022-07-07 15:00:00,890.0,190.0,12.06,3.0
2022-07-07 16:00:00,916.0,90.5,17.4225,2.5
2022-07-07 17:00:00,1591.5,139.25,20.0075,2.5
2022-07-07 18:00:00,1428.5,153.0,18.775,2.5
2022-07-07 19:00:00,1828.0,168.5,19.595,2.5
2022-07-07 20:00:00,1707.5,136.0,18.125,2.5
2022-07-07 21:00:00,1227.5,100.5,17.095,2.5
2022-07-07 22:00:00,967.0,124.75,11.915000000000001,3.0
2022-07-07 23:00:00,184.0,145.0,4.24,4.0
2022-07-08 00:00:00,,,,
2022-07-08 01:00:00,1172.0,89.0,23.325,2.0
2022-07-08 02:00:00,668.0,132.5,13.455,3.0
2022-07-08 03:00:00,,,,
2022-07-08 04:00:00,,,,
2022-07-08 05:00:00,,,,
2022-07-08 06:00:00,489.0,120.75,8.4,3.5
2022-07-08 07:00:00,680.0,99.0,9.75,3.0
2022-07-08 08:00:00,732.0,84.5,10.1725002,2.5
2022-07-08 09:00:00,799.0,100.0,13.94,3.0
2022-07-08 10:00:00,960.0,116.0,16.8675,2.5
2022-07-08 11:00:00,1170.5,143.5,16.0325,2.5
2022-07-08 12:00:00,839.5,87.0,17.805,2.5
2022-07-08 13:00:00,997.0,153.0,11.120001,3.0
2022-07-08 14:00:00,1166.5,126.75,18.8,2.5
2022-07-08 15:00:00,1458.0,140.5,18.16,2.5
2022-07-08 16:00:00,1155.5,124.0,17.615000000000002,2.5
2022-07-08 17:00:00,1036.5,132.0,17.6075,2.5
2022-07-08 18:00:00,1267.5,124.0,17.81,2.5
2022-07-08 19:00:00,1518.0,115.0,22.55,2.0
2022-07-08 20:00:00,888.0,216.5,13.79,3.0
2022-07-08 21:00:00,1697.5,190.0,18.89,2.5
2022-07-08 22:00:00,809.0,96.0,16.2625,2.5
2022-07-08 23:00:00,799.0,114.0,17.09,3.0
2022-07-09 00:00:00,204.0,62.0,5.6099997,1.0
2022-07-09 01:00:00,,,,
2022-07-09 02:00:00,,,,
2022-07-09 03:00:00,,,,
2022-07-09 04:00:00,,,,
2022-07-09 05:00:00,,,,
2022-07-09 06:00:00,,,,
2022-07-09 07:00:00,501.0,90.0,12.89,3.0
2022-07-09 08:00:00,414.0,77.5,8.88,3.0
2022-07-09 09:00:00,1213.0,77.0,22.36,2.0
2022-07-09 10:00:00,1002.0,120.0,13.715,3.0
2022-07-09 11:00:00,1146.75,96.5,18.4550005,2.5
2022-07-09 12:00:00,1495.0,92.0,19.07,2.0
2022-07-09 13:00:00,1270.0,80.0,22.19,2.0
2022-07-09 14:00:00,1287.5,125.0,16.83,2.5
2022-07-09 15:00:00,911.0,101.0,16.9325,2.5
2022-07-09 16:00:00,941.5,86.75,18.705000000000002,2.5
2022-07-09 17:00:00,1737.0,101.25,19.689999999999998,2.5
2022-07-09 18:00:00,1536.5,91.75,19.484999000000002,2.5
2022-07-09 19:00:00,1498.0,167.25,17.3575,2.5
2022-07-09 20:00:00,1334.75,172.75,19.7674995,2.5
2022-07-09 21:00:00,1161.0,81.0,23.99,2.0
2022-07-09 22:00:00,1623.0,91.5,22.1,2.0
2022-07-09 23:00:00,,,,
2022-07-10 00:00:00,,,,
2022-07-10 01:00:00,1466.0,65.5,30.415,1.0
2022-07-10 02:00:00,,,,
2022-07-10 03:00:00,,,,
2022-07-10 04:00:00,,,,
2022-07-10 05:00:00,,,,
2022-07-10 06:00:00,,,,
2022-07-10 07:00:00,,,,
2022-07-10 08:00:00,320.0,77.0,7.25,3.0
2022-07-10 09:00:00,616.0,82.5,8.7,3.5
2022-07-10 10:00:00,619.5,88.0,12.83,3.0
2022-07-10 11:00:00,501.0,84.0,14.53,3.0
2022-07-10 12:00:00,860.0,87.0,14.27,3.0
2022-07-10 13:00:00,960.5,152.0,12.25,3.0
2022-07-10 14:00:00,1122.75,145.5,16.6700005,2.5
2022-07-10 15:00:00,1074.5,131.25,16.9449995,2.5
2022-07-10 16:00:00,1132.5,157.0,18.247500000000002,2.5
2022-07-10 17:00:00,1036.5,156.5,16.509999999999998,2.5
2022-07-10 18:00:00,1304.5,142.0,18.855,2.5
2022-07-10 19:00:00,1273.5,190.0,19.4925005,2.5
2022-07-10 20:00:00,1297.0,189.25,16.322499999999998,2.5
2022-07-10 21:00:00,1370.0,173.75,17.637499,2.5
2022-07-10 22:00:00,680.0,81.0,12.92,3.0
2022-07-10 23:00:00,,,,
2022-07-11 00:00:00,,,,
2022-07-11 01:00:00,,,,
2022-07-11 02:00:00,373.0,87.0,7.97,3.0
2022-07-11 03:00:00,872.5,90.25,16.7100005,2.5
2022-07-11 04:00:00,,,,
2022-07-11 05:00:00,462.0,147.0,10.52,3.0
2022-07-11 06:00:00,449.5,86.5,7.18,2.5
2022-07-11 07:00:00,963.5,141.25,15.4525,2.5
2022-07-11 08:00:00,799.0,108.0,12.51,2.0
2022-07-11 09:00:00,620.0,85.0,13.93,2.5
2022-07-11 10:00:00,936.75,114.25,16.0050005,2.5
2022-07-11 11:00:00,1155.5,114.0,16.869999999999997,2.5
2022-07-11 12:00:00,1027.0,109.0,18.51,2.5
2022-07-11 13:00:00,1190.5,138.5,19.32,2.5
2022-07-11 14:00:00,1048.5,140.5,16.869999999999997,2.5
2022-07-11 15:00:00,841.5,145.75,16.54,2.5
2022-07-11 16:00:00,1250.0,111.0,19.509999999999998,2.5
2022-07-11 17:00:00,1364.5,141.0,18.08,2.5
2022-07-11 18:00:00,1218.5,152.5,18.285,2.5
2022-07-11 19:00:00,1017.0,85.5,22.9,2.0
2022-07-11 20:00:00,1213.0,68.0,21.78,2.0
2022-07-11 21:00:00,657.25,103.0,11.094999999999999,3.5
2022-07-11 22:00:00,184.0,99.0,5.38,3.0
2022-07-11 23:00:00,,,,
2022-07-12 00:00:00,,,,
2022-07-12 01:00:00,,,,
2022-07-12 02:00:00,204.0,62.5,5.59,1.0
2022-07-12 03:00:00,,,,
2022-07-12 04:00:00,809.0,78.0,19.92,2.0
2022-07-12 05:00:00,582.0,76.75,17.1625,2.5
2022-07-12 06:00:00,,,,
2022-07-12 07:00:00,536.0,144.5,10.9,3.0
2022-07-12 08:00:00,744.0,102.5,13.602500000000001,2.5
2022-07-12 09:00:00,860.0,171.0,13.28,3.0
2022-07-12 10:00:00,667.0,113.5,15.794999999999998,2.5
2022-07-12 11:00:00,1260.0,122.5,18.335,2.5
2022-07-12 12:00:00,912.5,110.0,17.52,2.5
2022-07-12 13:00:00,799.0,124.0,12.465,3.0
2022-07-12 14:00:00,1214.0,151.5,16.695,2.5
2022-07-12 15:00:00,1081.0,135.5,13.48,3.0
2022-07-12 16:00:00,1031.0,176.0,12.53,3.0
2022-07-12 17:00:00,1168.0,158.5,12.83,3.0
2022-07-12 18:00:00,1110.5,134.0,17.895,2.5
2022-07-12 19:00:00,1373.0,177.5,19.2025,2.5
2022-07-12 20:00:00,1510.0,88.0,23.06,2.0
2022-07-12 21:00:00,1415.0,74.0,22.58,2.0
2022-07-12 22:00:00,1197.5,120.25,21.715,2.5
2022-07-12 23:00:00,373.0,67.5,9.025,3.0
2022-07-13 00:00:00,,,,
2022-07-13 01:00:00,,,,
2022-07-13 02:00:00,,,,
2022-07-13 03:00:00,,,,
2022-07-13 04:00:00,,,,
2022-07-13 05:00:00,,,,
2022-07-13 06:00:00,320.0,67.0,8.02,3.0
2022-07-13 07:00:00,876.0,119.5,13.465,3.0
2022-07-13 08:00:00,912.5,108.0,18.0500005,2.5
2022-07-13 09:00:00,888.5,98.5,14.865,3.0
2022-07-13 10:00:00,1260.0,110.5,20.79,2.0
2022-07-13 11:00:00,509.0,95.25,10.2224995,2.5
2022-07-13 12:00:00,940.5,94.0,16.315,2.5
2022-07-13 13:00:00,962.0,112.5,17.567500000000003,2.5
2022-07-13 14:00:00,1313.5,155.5,18.740000000000002,2.5
2022-07-13 15:00:00,1226.0,159.25,17.689999999999998,2.5
2022-07-13 16:00:00,919.5,142.0,15.525,2.5
2022-07-13 17:00:00,1163.75,116.5,17.775,2.5
2022-07-13 18:00:00,1444.0,148.0,19.03,2.5
2022-07-13 19:00:00,1356.0,133.5,19.015,2.5
2022-07-13 20:00:00,1301.5,143.25,17.9925,2.5
2022-07-13 21:00:00,1607.0,192.5,18.0225,2.5
2022-07-13 22:00:00,860.0,77.0,20.17,2.0
2022-07-13 23:00:00,,,,
2022-07-14 00:00:00,,,,
2022-07-14 01:00:00,,,,
2022-07-14 02:00:00,,,,
2022-07-14 03:00:00,,,,
2022-07-14 04:00:00,320.0,87.0,6.83,3.0
2022-07-14 05:00:00,,,,
2022-07-14 06:00:00,583.0,77.0,11.63,3.0
2022-07-14 07:00:00,761.25,90.75,13.165,2.5
2022-07-14 08:00:00,1168.0,89.0,19.052500000000002,2.5
2022-07-14 09:00:00,998.5,95.75,16.89,2.5
2022-07-14 10:00:00,1206.0,108.5,18.32,2.5
2022-07-14 11:00:00,1160.5,123.5,17.9975,2.5
2022-07-14 12:00:00,784.5,109.0,17.36,2.5
2022-07-14 13:00:00,1011.5,136.25,15.235000000000001,2.5
2022-07-14 14:00:00,1205.5,130.5,17.322499999999998,2.5
2022-07-14 15:00:00,1168.0,108.0,19.83,2.5
2022-07-14 16:00:00,1374.5,248.5,17.1774995,2.5
2022-07-14 17:00:00,1270.0,213.0,13.98,3.0
2022-07-14 18:00:00,1527.0,166.5,19.619999999999997,2.5
2022-07-14 19:00:00,1196.0,114.5,18.865,2.5
2022-07-14 20:00:00,1356.0,83.0,20.317498999999998,2.5
2022-07-14 21:00:00,372.5,101.0,8.44,3.5
2022-07-14 22:00:00,,,,
2022-07-14 23:00:00,,,,
2022-07-15 00:00:00,,,,
2022-07-15 01:00:00,,,,
2022-07-15 02:00:00,,,,
2022-07-15 03:00:00,,,,
2022-07-15 04:00:00,,,,
2022-07-15 05:00:00,219.0,70.0,6.47,3.0
2022-07-15 06:00:00,661.75,82.5,12.4525,2.5
2022-07-15 07:00:00,549.5,95.5,13.84,2.5
2022-07-15 08:00:00,1270.0,80.0,21.27,2.0
2022-07-15 09:00:00,793.0,79.0,17.2400005,2.5
2022-07-15 10:00:00,860.0,139.0,13.08,3.0
2022-07-15 11:00:00,976.0,113.75,19.5425,2.5
2022-07-15 12:00:00,1293.0,83.0,22.6,2.0
2022-07-15 13:00:00,1194.5,110.75,17.132499,2.5
2022-07-15 14:00:00,1352.0,187.5,14.33,3.0
2022-07-15 15:00:00,1138.0,141.0,17.705,2.5
2022-07-15 16:00:00,1026.0,121.5,17.52,2.5
2022-07-15 17:00:00,1071.0,233.5,10.825001,3.0
2022-07-15 18:00:00,1720.0,212.5,17.205,2.5
2022-07-15 19:00:00,1520.5,198.25,16.550001,2.5
2022-07-15 20:00:00,1175.5,124.5,18.185000000000002,2.5
2022-07-15 21:00:00,1414.0,212.5,15.3,2.5
2022-07-15 22:00:00,992.0,116.0,13.05,3.0
2022-07-15 23:00:00,492.0,67.0,10.76,3.0
2022-07-16 00:00:00,,,,
2022-07-16 01:00:00,,,,
2022-07-16 02:00:00,,,,
2022-07-16 03:00:00,,,,
2022-07-16 04:00:00,,,,
2022-07-16 05:00:00,,,,
2022-07-16 06:00:00,333.0,91.0,7.02,4.0
2022-07-16 07:00:00,620.0,125.25,9.18,2.5
2022-07-16 08:00:00,1056.0,158.25,12.155000000000001,2.5
2022-07-16 09:00:00,860.0,174.0,11.9,3.0
2022-07-16 10:00:00,846.0,324.0,10.86,3.0
2022-07-16 11:00:00,1039.0,165.25,16.3475,2.5
2022-07-16 12:00:00,1213.0,337.0,11.52,3.0
2022-07-16 13:00:00,945.0,175.5,11.13,3.0
2022-07-16 14:00:00,1138.0,307.0,11.82,3.0
2022-07-16 15:00:00,1143.0,272.5,10.655001,3.0
2022-07-16 16:00:00,1069.0,155.25,16.56,2.5
2022-07-16 17:00:00,1313.75,177.25,17.47,2.5
2022-07-16 18:00:00,1510.75,176.5,18.5175,2.5
2022-07-16 19:00:00,1400.0,110.25,17.955,2.5
2022-07-16 20:00:00,1351.0,167.75,19.495,2.5
2022-07-16 21:00:00,1504.0,112.5,20.02,2.0
2022-07-16 22:00:00,333.0,121.0,5.99,3.0
2022-07-16 23:00:00,623.0,116.5,10.0875,3.5
2022-07-17 00:00:00,978.0,67.5,17.895,3.0
2022-07-17 01:00:00,204.0,64.75,5.4975001500000005,1.5
2022-07-17 02:00:00,,,,
2022-07-17 03:00:00,501.0,121.5,10.555,3.0
2022-07-17 04:00:00,583.0,80.0,11.545,3.0
2022-07-17 05:00:00,462.0,134.0,7.91,3.0
2022-07-17 06:00:00,353.0,82.75,8.83,3.5
2022-07-17 07:00:00,1158.5,108.5,17.044999999999998,2.5
2022-07-17 08:00:00,1017.0,242.0,6.8900003,3.0
2022-07-17 09:00:00,1353.0,133.0,17.635,2.5
2022-07-17 10:00:00,1535.5,234.5,17.4400005,2.5
2022-07-17 11:00:00,1767.5,165.0,16.445,2.5
2022-07-17 12:00:00,1306.0,149.0,16.195,2.5
2022-07-17 13:00:00,1703.0,283.0,12.03,3.0
2022-07-17 14:00:00,1186.0,219.0,12.57,3.0
2022-07-17 15:00:00,976.0,304.0,11.01,3.0
2022-07-17 16:00:00,1364.25,160.5,16.11,2.5
2022-07-17 17:00:00,1667.0,200.0,17.68,2.5
2022-07-17 18:00:00,1172.0,145.0,17.235,2.5
2022-07-17 19:00:00,1488.5,159.5,18.65,2.5
2022-07-17 20:00:00,1552.25,133.25,18.8550005,2.5
2022-07-17 21:00:00,1213.0,148.5,16.47,2.5
2022-07-17 22:00:00,799.0,110.0,14.45,3.0
2022-07-17 23:00:00,669.0,207.0,8.105,3.5
2022-07-18 00:00:00,,,,
2022-07-18 01:00:00,,,,
2022-07-18 02:00:00,,,,
2022-07-18 03:00:00,,,,
2022-07-18 04:00:00,,,,
2022-07-18 05:00:00,657.0,96.0,9.665,3.0
2022-07-18 06:00:00,962.0,116.5,16.725,2.5
2022-07-18 07:00:00,1220.5,190.5,12.264999,3.0
2022-07-18 08:00:00,1026.0,185.0,12.87,3.0
2022-07-18 09:00:00,1242.25,95.0,18.470000499999998,2.5
2022-07-18 10:00:00,1367.5,126.25,17.3550005,2.5
2022-07-18 11:00:00,1324.5,136.75,18.27,2.5
2022-07-18 12:00:00,983.0,176.5,14.72,3.0
2022-07-18 13:00:00,1279.5,111.0,18.439999999999998,2.5
2022-07-18 14:00:00,1021.25,134.5,18.06,2.5
2022-07-18 15:00:00,1168.0,129.0,17.65,2.5
2022-07-18 16:00:00,1086.5,159.0,17.47,2.5
2022-07-18 17:00:00,1002.0,98.0,17.4774995,2.5
2022-07-18 18:00:00,1582.0,119.0,21.09,2.0
2022-07-18 19:00:00,1504.0,76.0,25.73,2.0
2022-07-18 20:00:00,866.5,91.75,16.8725,2.5
2022-07-18 21:00:00,1525.0,64.5,28.015,2.0
2022-07-18 22:00:00,462.0,63.0,11.94,3.0
2022-07-18 23:00:00,1234.0,86.0,18.98,3.0
2022-07-19 00:00:00,,,,
2022-07-19 01:00:00,,,,
2022-07-19 02:00:00,,,,
2022-07-19 03:00:00,,,,
2022-07-19 04:00:00,,,,
2022-07-19 05:00:00,320.0,62.0,8.03,3.0
2022-07-19 06:00:00,680.0,111.0,12.49,3.0
2022-07-19 07:00:00,862.0,180.5,11.68,3.0
2022-07-19 08:00:00,899.0,138.5,12.575,3.0
2022-07-19 09:00:00,569.5,75.25,10.6725,2.5
2022-07-19 10:00:00,1159.25,181.25,16.4925005,2.5
2022-07-19 11:00:00,944.75,99.5,16.77,2.5
2022-07-19 12:00:00,935.5,148.0,12.21,3.0
2022-07-19 13:00:00,983.5,99.5,16.43,2.5
2022-07-19 14:00:00,1153.0,134.75,17.664999,2.5
2022-07-19 15:00:00,1082.5,112.25,17.59,2.5
2022-07-19 16:00:00,894.5,101.0,18.645,2.5
2022-07-19 17:00:00,1133.5,145.5,19.265,2.5
2022-07-19 18:00:00,1136.0,106.25,19.0500005,2.5
2022-07-19 19:00:00,1026.0,69.0,23.44,2.0
2022-07-19 20:00:00,1497.0,76.0,23.96,2.0
2022-07-19 21:00:00,1125.0,119.25,19.965,2.5
2022-07-19 22:00:00,300.5,148.5,5.37,3.0
2022-07-19 23:00:00,,,,
2022-07-20 00:00:00,,,,
2022-07-20 01:00:00,,,,
2022-07-20 02:00:00,,,,
2022-07-20 03:00:00,,,,
2022-07-20 04:00:00,536.0,77.0,15.82,3.0
2022-07-20 05:00:00,583.0,72.0,12.09,3.0
2022-07-20 06:00:00,1050.0,76.0,9.15,3.0
2022-07-20 07:00:00,1097.0,164.5,14.985,2.5
2022-07-20 08:00:00,1071.0,167.0,14.81,3.0
2022-07-20 09:00:00,973.0,148.0,13.51,3.0
2022-07-20 10:00:00,1116.75,106.0,17.8,2.5
2022-07-20 11:00:00,860.0,106.0,16.5925,2.5
2022-07-20 12:00:00,1021.0,134.25,16.835,2.5
2022-07-20 13:00:00,1138.0,124.0,17.869999999999997,2.5
2022-07-20 14:00:00,861.0,258.0,12.91,3.0
2022-07-20 15:00:00,1093.0,85.5,17.835,2.5
2022-07-20 16:00:00,1099.0,107.75,17.165,2.5
2022-07-20 17:00:00,1065.0,122.25,16.245,2.5
2022-07-20 18:00:00,1216.0,120.75,19.57,2.5
2022-07-20 19:00:00,1497.0,95.0,25.98,2.0
2022-07-20 20:00:00,1573.0,101.0,24.1274995,2.0
2022-07-20 21:00:00,1703.0,80.0,30.22,1.0
2022-07-20 22:00:00,795.5,84.5,14.625,3.0
2022-07-20 23:00:00,,,,
2022-07-21 00:00:00,860.0,64.0,22.01,2.0
2022-07-21 01:00:00,,,,
2022-07-21 02:00:00,,,,
2022-07-21 03:00:00,492.0,95.0,9.19,3.0
2022-07-21 04:00:00,,,,
2022-07-21 05:00:00,219.0,67.5,6.415,3.0
2022-07-21 06:00:00,1001.25,108.5,18.0150005,2.5
2022-07-21 07:00:00,1026.0,154.0,13.84,3.0
2022-07-21 08:00:00,616.75,124.0,13.3749998,2.5
2022-07-21 09:00:00,657.0,128.0,9.4,3.0
2022-07-21 10:00:00,1386.0,123.0,18.53,2.5
2022-07-21 11:00:00,1118.0,116.75,16.83,2.5
2022-07-21 12:00:00,900.0,80.25,17.355,2.5
2022-07-21 13:00:00,1156.5,113.5,18.445,2.5
2022-07-21 14:00:00,1021.0,94.0,16.965,2.5
2022-07-21 15:00:00,1112.75,132.25,16.477500499999998,2.5
2022-07-21 16:00:00,1409.0,97.0,23.715,2.0
2022-07-21 17:00:00,1137.5,112.25,16.625,2.5
2022-07-21 18:00:00,1283.75,99.0,18.0374995,2.5
2022-07-21 19:00:00,1703.0,88.0,23.189999,2.0
2022-07-21 20:00:00,907.5,84.25,19.1449995,2.5
2022-07-21 21:00:00,1737.75,130.25,19.7775,2.5
2022-07-21 22:00:00,753.0,76.5,14.225,3.0
2022-07-21 23:00:00,478.5,67.75,10.01,2.0
2022-07-22 00:00:00,,,,
2022-07-22 01:00:00,,,,
2022-07-22 02:00:00,,,,
2022-07-22 03:00:00,,,,
2022-07-22 04:00:00,,,,
2022-07-22 05:00:00,,,,
2022-07-22 06:00:00,859.0,214.0,10.775,3.0
2022-07-22 07:00:00,881.0,176.0,9.04,3.0
2022-07-22 08:00:00,1097.0,200.0,10.92,3.0
2022-07-22 09:00:00,1096.5,115.75,17.675,2.5
2022-07-22 10:00:00,1061.5,116.25,16.745,2.5
2022-07-22 11:00:00,882.5,115.25,16.2675,2.5
2022-07-22 12:00:00,860.0,94.5,18.475,2.5
2022-07-22 13:00:00,1133.5,134.75,15.1149995,2.5
2022-07-22 14:00:00,1113.5,127.25,16.8475,2.5
2022-07-22 15:00:00,1040.0,108.0,19.317500000000003,2.5
2022-07-22 16:00:00,1172.5,115.5,20.1025,2.5
2022-07-22 17:00:00,1028.75,110.5,19.097499499999998,2.5
2022-07-22 18:00:00,1243.5,151.5,17.865,2.5
2022-07-22 19:00:00,1642.0,136.0,19.0574995,2.5
2022-07-22 20:00:00,1514.0,103.0,23.455,2.0
2022-07-22 21:00:00,1006.0,102.5,17.2025,2.5
2022-07-22 22:00:00,1459.0,87.0,27.08,2.0
2022-07-22 23:00:00,1129.0,65.75,27.387500000000003,1.5
2022-07-23 00:00:00,,,,
2022-07-23 01:00:00,,,,
2022-07-23 02:00:00,,,,
2022-07-23 03:00:00,,,,
2022-07-23 04:00:00,532.0,153.0,9.3,3.0
2022-07-23 05:00:00,,,,
2022-07-23 06:00:00,774.0,85.0,16.89,2.5
2022-07-23 07:00:00,429.0,100.5,8.629999999999999,3.5
2022-07-23 08:00:00,1154.5,126.0,16.61,2.5
2022-07-23 09:00:00,899.0,168.0,14.72,3.0
2022-07-23 10:00:00,1862.0,288.0,13.74,3.0
2022-07-23 11:00:00,908.0,208.0,12.860001,3.0
2022-07-23 12:00:00,940.0,180.0,12.44,3.0
2022-07-23 13:00:00,846.0,274.5,12.27,3.0
2022-07-23 14:00:00,940.0,198.0,11.049999,3.0
2022-07-23 15:00:00,899.0,270.0,11.2,3.0
2022-07-23 16:00:00,1048.5,187.0,16.759999999999998,2.5
2022-07-23 17:00:00,1600.0,176.75,18.9875,2.5
2022-07-23 18:00:00,1094.0,158.0,17.41,2.5
2022-07-23 19:00:00,1249.5,131.75,18.0175,2.5
2022-07-23 20:00:00,1444.5,201.5,17.6325,2.5
2022-07-23 21:00:00,1747.5,105.5,23.560001,2.0
2022-07-23 22:00:00,1542.0,101.0,24.14,2.0
2022-07-23 23:00:00,978.0,62.5,18.3675,2.5
2022-07-24 00:00:00,1004.0,75.0,16.77,3.0
2022-07-24 01:00:00,,,,
2022-07-24 02:00:00,,,,
2022-07-24 03:00:00,,,,
2022-07-24 04:00:00,,,,
2022-07-24 05:00:00,,,,
2022-07-24 06:00:00,462.0,93.0,9.84,3.0
2022-07-24 07:00:00,333.0,100.0,5.05,3.0
2022-07-24 08:00:00,1223.0,114.5,17.86,2.5
2022-07-24 09:00:00,899.0,110.5,14.91,3.0
2022-07-24 10:00:00,1026.0,118.25,17.4525,2.5
2022-07-24 11:00:00,1026.0,154.0,13.67,3.0
2022-07-24 12:00:00,949.0,177.0,13.65,3.0
2022-07-24 13:00:00,943.0,194.0,11.8,3.0
2022-07-24 14:00:00,846.0,205.0,11.855,3.0
2022-07-24 15:00:00,1048.5,148.5,18.625,2.5
2022-07-24 16:00:00,1071.0,146.5,17.174999999999997,2.5
2022-07-24 17:00:00,1581.0,103.0,23.535,2.0
2022-07-24 18:00:00,1864.0,124.0,24.03,2.0
2022-07-24 19:00:00,1226.25,155.5,19.015,2.5
2022-07-24 20:00:00,1447.25,144.25,19.7675,2.5
2022-07-24 21:00:00,1152.5,128.75,16.52,2.5
2022-07-24 22:00:00,,,,
2022-07-24 23:00:00,951.0,99.0,19.62,2.0
2022-07-25 00:00:00,,,,
2022-07-25 01:00:00,,,,
2022-07-25 02:00:00,,,,
2022-07-25 03:00:00,,,,
2022-07-25 04:00:00,,,,
2022-07-25 05:00:00,340.5,89.0,7.765000000000001,3.5
2022-07-25 06:00:00,680.0,155.5,10.04,3.0
2022-07-25 07:00:00,1168.0,173.0,13.82,3.0
2022-07-25 08:00:00,1026.0,187.0,11.940001,3.0
2022-07-25 09:00:00,912.5,126.25,14.152500499999999,2.5
2022-07-25 10:00:00,1219.0,104.5,18.735,2.5
2022-07-25 11:00:00,1178.5,105.5,18.1625,2.5
2022-07-25 12:00:00,1026.0,73.0,20.2,2.0
2022-07-25 13:00:00,1071.0,88.0,22.64,2.0
2022-07-25 14:00:00,1056.0,104.5,18.305,2.5
2022-07-25 15:00:00,884.0,103.0,16.240000000000002,2.5
2022-07-25 16:00:00,1671.5,181.0,19.59,2.5
2022-07-25 17:00:00,1145.0,234.75,9.36,3.5
2022-07-25 18:00:00,1504.0,102.0,22.49,2.0
2022-07-25 19:00:00,1562.25,116.5,19.215,2.5
2022-07-25 20:00:00,,,,
2022-07-25 21:00:00,1025.0,84.0,16.28,2.5
2022-07-25 22:00:00,766.0,65.0,15.23,3.0
2022-07-25 23:00:00,,,,
2022-07-26 00:00:00,,,,
2022-07-26 01:00:00,,,,
2022-07-26 02:00:00,,,,
2022-07-26 03:00:00,732.0,69.0,20.52,2.0
2022-07-26 04:00:00,,,,
2022-07-26 05:00:00,,,,
2022-07-26 06:00:00,1026.0,150.0,15.62,3.0
2022-07-26 07:00:00,799.0,129.0,11.1,3.0
2022-07-26 08:00:00,1077.0,92.0,18.43,2.5
2022-07-26 09:00:00,935.0,120.5,15.71,2.5
2022-07-26 10:00:00,1051.0,101.5,17.3525,2.5
2022-07-26 11:00:00,1415.0,100.0,23.14,2.0
2022-07-26 12:00:00,958.0,85.0,21.225,2.0
2022-07-26 13:00:00,951.0,99.5,17.372500000000002,2.5
2022-07-26 14:00:00,875.5,102.25,15.4824995,2.5
2022-07-26 15:00:00,1017.0,112.0,13.09,3.0
2022-07-26 16:00:00,1017.0,124.0,16.22,3.0
2022-07-26 17:00:00,846.0,100.0,17.97,3.0
2022-07-26 18:00:00,1395.0,174.0,15.1,3.0
2022-07-26 19:00:00,891.0,102.5,15.335,3.0
2022-07-26 20:00:00,559.5,77.0,14.094999999999999,2.5
2022-07-26 21:00:00,1052.0,60.0,24.42,2.0
2022-07-26 22:00:00,1129.0,61.0,28.325,1.0
2022-07-26 23:00:00,,,,
2022-07-27 00:00:00,204.0,68.0,5.39,2.0
2022-07-27 01:00:00,532.0,82.0,12.03,3.0
2022-07-27 02:00:00,532.0,80.0,12.13,3.0
2022-07-27 03:00:00,,,,
2022-07-27 04:00:00,204.0,117.0,3.96,2.0
2022-07-27 05:00:00,393.5,90.0,8.25249985,2.5
2022-07-27 06:00:00,628.5,206.0,7.2250005,3.5
2022-07-27 07:00:00,846.0,125.0,10.06,3.0
2022-07-27 08:00:00,864.0,113.25,15.665000000000001,2.5
2022-07-27 09:00:00,1026.0,136.5,15.985001,3.0
2022-07-27 10:00:00,1495.0,97.0,21.755001,2.0
2022-07-27 11:00:00,1142.5,107.0,18.225,2.5
2022-07-27 12:00:00,983.5,133.5,17.0475,2.5
2022-07-27 13:00:00,828.0,82.0,17.73,2.5
2022-07-27 14:00:00,1323.5,133.5,18.435000000000002,2.5
2022-07-27 15:00:00,1316.0,258.5,12.005,3.0
2022-07-27 16:00:00,884.5,106.75,16.98,2.5
2022-07-27 17:00:00,1176.5,103.5,18.2625,2.5
2022-07-27 18:00:00,936.0,113.0,17.55,3.0
2022-07-27 19:00:00,1274.5,143.5,19.585,2.5
2022-07-27 20:00:00,978.0,76.0,15.73,2.0
2022-07-27 21:00:00,848.0,272.0,8.535,3.0
2022-07-27 22:00:00,,,,
2022-07-27 23:00:00,,,,
2022-07-28 00:00:00,,,,
2022-07-28 01:00:00,,,,
2022-07-28 02:00:00,,,,
2022-07-28 03:00:00,,,,
2022-07-28 04:00:00,,,,
2022-07-28 05:00:00,,,,
2022-07-28 06:00:00,799.0,94.0,16.115,3.0
2022-07-28 07:00:00,1073.0,108.5,15.7050005,2.5
2022-07-28 08:00:00,1190.0,141.5,15.305,2.5
2022-07-28 09:00:00,928.0,98.5,15.9800005,3.0
2022-07-28 10:00:00,714.5,113.25,16.015,2.5
2022-07-28 11:00:00,1126.5,123.0,16.424999999999997,2.5
2022-07-28 12:00:00,925.5,105.5,16.564999999999998,2.5
2022-07-28 13:00:00,907.5,106.25,16.4725,2.5
2022-07-28 14:00:00,1140.5,120.75,17.8575,2.5
2022-07-28 15:00:00,1364.5,149.0,17.84,2.5
2022-07-28 16:00:00,980.75,113.0,17.945,2.5
2022-07-28 17:00:00,1039.0,113.5,18.615000000000002,2.5
2022-07-28 18:00:00,1162.5,155.25,17.759999999999998,2.5
2022-07-28 19:00:00,1213.0,70.0,22.03,2.0
2022-07-28 20:00:00,1499.0,82.0,25.9,2.0
2022-07-28 21:00:00,1726.0,92.0,24.32,2.0
2022-07-28 22:00:00,1499.0,61.0,31.77,1.0
2022-07-28 23:00:00,564.0,83.0,11.25,3.0
2022-07-29 00:00:00,,,,
2022-07-29 01:00:00,,,,
2022-07-29 02:00:00,536.0,89.5,14.425,3.0
2022-07-29 03:00:00,536.0,85.5,14.799999,3.0
2022-07-29 04:00:00,,,,
2022-07-29 05:00:00,,,,
2022-07-29 06:00:00,1168.0,177.0,10.02,3.0
2022-07-29 07:00:00,1100.75,115.5,15.585,2.5
2022-07-29 08:00:00,1214.75,155.5,16.615000000000002,2.5
2022-07-29 09:00:00,809.25,129.75,13.3575,2.5
2022-07-29 10:00:00,1235.5,105.5,17.5925,2.5
2022-07-29 11:00:00,1240.0,110.5,17.62,2.5
2022-07-29 12:00:00,1182.25,104.5,17.595,2.5
2022-07-29 13:00:00,1071.0,131.0,15.595,3.0
2022-07-29 14:00:00,1021.5,158.5,16.26,2.5
2022-07-29 15:00:00,1181.0,157.25,17.5725,2.5
2022-07-29 16:00:00,1510.0,143.0,17.685,2.5
2022-07-29 17:00:00,1483.0,194.5,17.185,2.5
2022-07-29 18:00:00,1147.0,93.5,22.255001,2.0
2022-07-29 19:00:00,1423.25,152.25,18.7825,2.5
2022-07-29 20:00:00,1043.0,224.0,14.27,3.0
2022-07-29 21:00:00,1660.0,79.0,22.8,2.0
2022-07-29 22:00:00,1148.0,115.5,15.75,3.0
2022-07-29 23:00:00,607.0,92.0,10.635,3.5
2022-07-30 00:00:00,204.0,73.0,5.62,2.0
2022-07-30 01:00:00,,,,
2022-07-30 02:00:00,,,,
2022-07-30 03:00:00,,,,
2022-07-30 04:00:00,,,,
2022-07-30 05:00:00,,,,
2022-07-30 06:00:00,,,,
2022-07-30 07:00:00,439.0,103.25,8.655,3.5
2022-07-30 08:00:00,1146.75,134.25,14.915,2.5
2022-07-30 09:00:00,1133.0,116.0,12.38,3.0
2022-07-30 10:00:00,1026.0,223.0,12.48,3.0
2022-07-30 11:00:00,1665.0,214.0,13.155001,3.0
2022-07-30 12:00:00,1495.0,315.0,12.15,3.0
2022-07-30 13:00:00,916.75,140.5,9.51,2.5
2022-07-30 14:00:00,1017.0,258.5,12.17,3.0
2022-07-30 15:00:00,997.5,138.75,17.3175,2.5
2022-07-30 16:00:00,1380.75,170.0,18.3075,2.5
2022-07-30 17:00:00,1250.0,136.5,18.115000000000002,2.5
2022-07-30 18:00:00,1295.5,116.75,18.425001,2.5
2022-07-30 19:00:00,1132.5,125.0,18.7875,2.5
2022-07-30 20:00:00,1642.0,180.75,19.02,2.5
2022-07-30 21:00:00,1425.0,136.5,19.865000000000002,2.5
2022-07-30 22:00:00,652.0,138.0,9.684999,3.0
2022-07-30 23:00:00,,,,
2022-07-31 00:00:00,462.0,64.0,11.9,3.0
2022-07-31 01:00:00,,,,
2022-07-31 02:00:00,,,,
2022-07-31 03:00:00,,,,
2022-07-31 04:00:00,,,,
2022-07-31 05:00:00,,,,
2022-07-31 06:00:00,,,,
2022-07-31 07:00:00,514.5,85.0,9.835,3.5
2022-07-31 08:00:00,786.0,95.5,17.48,2.5
2022-07-31 09:00:00,899.0,107.0,16.38,3.0
2022-07-31 10:00:00,1071.0,262.0,13.74,3.0
2022-07-31 11:00:00,1130.5,127.5,16.885,2.5
2022-07-31 12:00:00,1345.5,118.25,17.595,2.5
2022-07-31 13:00:00,1495.0,188.5,10.645,3.0
2022-07-31 14:00:00,1121.0,142.5,17.055000500000002,2.5
2022-07-31 15:00:00,1017.0,132.0,13.13,3.0
2022-07-31 16:00:00,1213.0,171.5,15.485,2.5
2022-07-31 17:00:00,1039.0,101.75,16.935,2.5
2022-07-31 18:00:00,1185.0,102.0,17.965,2.5
2022-07-31 19:00:00,1458.0,152.5,17.71,2.5
2022-07-31 20:00:00,1812.5,145.0,19.1025,2.5
2022-07-31 21:00:00,1026.0,108.0,17.005000000000003,2.5
2022-07-31 22:00:00,1119.5,194.25,15.2925,2.5
2022-07-31 23:00:00,778.0,68.0,17.5275,1.5
2022-08-01 00:00:00,1930.0,77.5,31.055,1.0
2022-08-01 01:00:00,952.0,80.0,23.05,2.0
2022-08-01 02:00:00,,,,
2022-08-01 03:00:00,,,,
2022-08-01 04:00:00,,,,
2022-08-01 05:00:00,417.5,122.5,8.295,3.5
2022-08-01 06:00:00,1024.5,124.0,16.5625,2.5
2022-08-01 07:00:00,1045.75,163.25,15.532500500000001,2.5
2022-08-01 08:00:00,943.0,168.5,10.615,3.0
2022-08-01 09:00:00,799.0,124.0,13.98,3.0
2022-08-01 10:00:00,1157.5,122.25,18.1325,2.5
2022-08-01 11:00:00,799.0,123.0,16.09,3.0
2022-08-01 12:00:00,978.0,128.0,16.11,3.0
2022-08-01 13:00:00,846.0,117.5,15.285,3.0
2022-08-01 14:00:00,1105.0,113.75,17.8175,2.5
2022-08-01 15:00:00,1232.75,116.0,17.77,2.5
2022-08-01 16:00:00,1129.5,100.25,19.314999999999998,2.5
2022-08-01 17:00:00,1409.5,103.0,18.145,2.5
2022-08-01 18:00:00,1495.0,111.5,20.01,2.0
2022-08-01 19:00:00,1466.0,91.0,22.244999,2.0
2022-08-01 20:00:00,1415.0,81.0,22.28,2.0
2022-08-01 21:00:00,1015.0,66.5,20.725,2.5
2022-08-01 22:00:00,204.0,71.0,5.38,2.0
2022-08-01 23:00:00,,,,
2022-08-02 00:00:00,,,,
2022-08-02 01:00:00,,,,
2022-08-02 02:00:00,,,,
2022-08-02 03:00:00,,,,
2022-08-02 04:00:00,,,,
2022-08-02 05:00:00,1002.0,85.0,16.67,3.0
2022-08-02 06:00:00,564.0,92.0,8.0,3.0
2022-08-02 07:00:00,943.0,144.0,10.52,3.0
2022-08-02 08:00:00,1076.0,134.5,16.225,2.5
2022-08-02 09:00:00,1070.0,80.5,19.15,2.5
2022-08-02 10:00:00,1097.0,124.5,18.09,2.5
2022-08-02 11:00:00,593.5,104.75,10.9725,2.5
2022-08-02 12:00:00,962.0,107.25,17.115000000000002,2.5
2022-08-02 13:00:00,841.0,92.0,13.06,3.0
2022-08-02 14:00:00,1017.0,96.0,14.85,3.0
2022-08-02 15:00:00,1099.5,128.0,18.7574995,2.5
2022-08-02 16:00:00,999.5,99.5,17.84,2.5
2022-08-02 17:00:00,1207.0,161.0,17.3500005,2.5
2022-08-02 18:00:00,1457.5,155.0,18.2224995,2.5
2022-08-02 19:00:00,1148.0,91.5,20.09,2.5
2022-08-02 20:00:00,1615.0,68.0,22.125,2.0
2022-08-02 21:00:00,204.0,69.0,5.55,2.0
2022-08-02 22:00:00,1071.0,64.0,26.44,2.0
2022-08-02 23:00:00,1071.0,68.0,26.625,2.0
2022-08-03 00:00:00,,,,
2022-08-03 01:00:00,,,,
2022-08-03 02:00:00,,,,
2022-08-03 03:00:00,,,,
2022-08-03 04:00:00,1499.0,60.5,32.05,2.0
2022-08-03 05:00:00,466.0,90.5,10.225000000000001,3.5
2022-08-03 06:00:00,441.25,91.0,7.9625,2.5
2022-08-03 07:00:00,997.0,181.0,11.54,3.0
2022-08-03 08:00:00,508.5,99.0,9.385,2.5
2022-08-03 09:00:00,1190.5,121.25,17.825,2.5
2022-08-03 10:00:00,1026.0,115.0,17.8325,2.5
2022-08-03 11:00:00,1168.0,115.0,19.67,2.5
2022-08-03 12:00:00,833.0,124.75,14.66,2.5
2022-08-03 13:00:00,1034.5,102.5,18.619999999999997,2.5
2022-08-03 14:00:00,1213.0,167.5,14.709999,3.0
2022-08-03 15:00:00,1182.25,170.5,17.072499999999998,2.5
2022-08-03 16:00:00,1293.0,126.5,19.332500500000002,2.5
2022-08-03 17:00:00,1273.0,140.25,18.05,2.5
2022-08-03 18:00:00,1342.75,118.25,19.494999999999997,2.5
2022-08-03 19:00:00,1615.0,170.25,18.8699995,2.5
2022-08-03 20:00:00,1274.0,83.0,27.02,2.0
2022-08-03 21:00:00,1153.5,81.5,20.3049995,2.5
2022-08-03 22:00:00,1158.0,80.75,18.345,2.5
2022-08-03 23:00:00,,,,
2022-08-04 00:00:00,1002.0,87.0,16.43,3.0
2022-08-04 01:00:00,,,,
2022-08-04 02:00:00,,,,
2022-08-04 03:00:00,,,,
2022-08-04 04:00:00,,,,
2022-08-04 05:00:00,444.0,133.75,9.1475,3.5
2022-08-04 06:00:00,526.5,148.0,7.6000004,3.0
2022-08-04 07:00:00,1213.0,152.0,13.46,3.0
2022-08-04 08:00:00,1425.5,156.0,16.86,2.5
2022-08-04 09:00:00,1037.5,134.0,16.015,2.5
2022-08-04 10:00:00,799.0,148.0,11.59,3.0
2022-08-04 11:00:00,1168.0,180.0,12.18,3.0
2022-08-04 12:00:00,1128.75,189.0,15.325,2.5
2022-08-04 13:00:00,1325.5,118.0,19.74,2.5
2022-08-04 14:00:00,1247.0,115.25,19.56,2.5
2022-08-04 15:00:00,1119.5,102.5,19.777500500000002,2.5
2022-08-04 16:00:00,1007.0,113.5,18.745,2.5
2022-08-04 17:00:00,1257.0,127.5,16.46,2.5
2022-08-04 18:00:00,1274.0,146.0,16.22,3.0
2022-08-04 19:00:00,1120.0,104.5,21.415,2.5
2022-08-04 20:00:00,1714.5,96.0,25.025,2.5
2022-08-04 21:00:00,1582.0,87.0,21.84,2.0
2022-08-04 22:00:00,893.0,67.5,17.822499999999998,1.5
2022-08-04 23:00:00,,,,
2022-08-05 00:00:00,,,,
2022-08-05 01:00:00,,,,
2022-08-05 02:00:00,,,,
2022-08-05 03:00:00,,,,
2022-08-05 04:00:00,,,,
2022-08-05 05:00:00,,,,
2022-08-05 06:00:00,386.5,128.5,7.675000000000001,3.5
2022-08-05 07:00:00,696.0,122.0,10.09,3.0
2022-08-05 08:00:00,652.0,139.0,8.88,3.0
2022-08-05 09:00:00,907.0,121.0,12.17,3.0
2022-08-05 10:00:00,1065.0,100.25,17.5749995,2.5
2022-08-05 11:00:00,1160.0,96.5,20.279999,2.5
2022-08-05 12:00:00,612.0,161.0,10.72999985,3.5
2022-08-05 13:00:00,1098.5,175.25,17.95,2.5
2022-08-05 14:00:00,1077.5,128.0,18.51,2.5
2022-08-05 15:00:00,861.0,155.5,15.01,3.0
2022-08-05 16:00:00,1171.5,115.0,18.3650005,2.5
2022-08-05 17:00:00,1456.0,170.75,18.66,2.5
2022-08-05 18:00:00,1160.5,159.75,18.845,2.5
2022-08-05 19:00:00,1007.0,98.0,18.83,2.5
2022-08-05 20:00:00,1021.5,150.0,18.875,2.5
2022-08-05 21:00:00,1042.0,123.0,20.1325,3.0
2022-08-05 22:00:00,812.5,62.75,20.105,2.5
2022-08-05 23:00:00,384.0,85.0,7.8475,2.5
2022-08-06 00:00:00,,,,
2022-08-06 01:00:00,,,,
2022-08-06 02:00:00,,,,
2022-08-06 03:00:00,,,,
2022-08-06 04:00:00,,,,
2022-08-06 05:00:00,,,,
2022-08-06 06:00:00,753.0,63.0,15.145,3.0
2022-08-06 07:00:00,262.0,85.0,5.77,2.5
2022-08-06 08:00:00,1360.75,133.0,17.945,2.5
2022-08-06 09:00:00,983.0,153.0,13.52,3.0
2022-08-06 10:00:00,1368.0,179.5,15.695,3.0
2022-08-06 11:00:00,978.0,181.5,13.63,3.0
2022-08-06 12:00:00,1288.0,144.75,17.16,2.5
2022-08-06 13:00:00,1262.0,401.0,10.99,3.0
2022-08-06 14:00:00,888.0,399.0,12.545,3.0
2022-08-06 15:00:00,1138.0,176.0,12.79,3.0
2022-08-06 16:00:00,1223.0,322.0,10.8,3.0
2022-08-06 17:00:00,1228.25,162.0,18.07,2.5
2022-08-06 18:00:00,1603.0,151.75,19.34,2.5
2022-08-06 19:00:00,1457.5,171.5,18.2675005,2.5
2022-08-06 20:00:00,1172.5,124.0,19.785,2.5
2022-08-06 21:00:00,1538.75,118.5,19.007499,2.5
2022-08-06 22:00:00,1227.5,90.25,19.9975,2.5
2022-08-06 23:00:00,393.5,72.0,8.530000000000001,2.5
2022-08-07 00:00:00,,,,
2022-08-07 01:00:00,,,,
2022-08-07 02:00:00,,,,
2022-08-07 03:00:00,1396.0,60.0,27.93,1.0
2022-08-07 04:00:00,,,,
2022-08-07 05:00:00,,,,
2022-08-07 06:00:00,716.5,165.5,11.025,3.5
2022-08-07 07:00:00,888.0,116.0,10.3,3.0
2022-08-07 08:00:00,928.0,166.5,11.165,3.0
2022-08-07 09:00:00,983.5,133.5,15.79,2.5
2022-08-07 10:00:00,1534.5,191.75,10.907499999999999,2.5
2022-08-07 11:00:00,1424.0,159.0,17.2475,2.5
2022-08-07 12:00:00,1061.5,143.0,16.235,2.5
2022-08-07 13:00:00,943.0,223.5,12.03,3.0
2022-08-07 14:00:00,1026.0,166.0,14.78,3.0
2022-08-07 15:00:00,1126.0,127.25,19.1425005,2.5
2022-08-07 16:00:00,1386.0,216.0,14.47,3.0
2022-08-07 17:00:00,1337.75,170.5,17.7625,2.5
2022-08-07 18:00:00,1153.0,123.5,18.1175,2.5
2022-08-07 19:00:00,1258.0,120.0,18.8500005,2.5
2022-08-07 20:00:00,1411.0,147.75,20.522501,2.5
2022-08-07 21:00:00,1275.5,147.0,18.6275005,2.5
2022-08-07 22:00:00,680.0,112.0,9.99,3.0
2022-08-07 23:00:00,772.0,108.5,12.135000000000002,3.5
2022-08-08 00:00:00,732.0,74.0,19.755001,2.0
2022-08-08 01:00:00,,,,
2022-08-08 02:00:00,,,,
2022-08-08 03:00:00,,,,
2022-08-08 04:00:00,,,,
2022-08-08 05:00:00,219.0,97.0,5.29,3.0
2022-08-08 06:00:00,866.0,87.5,15.0525,2.5
2022-08-08 07:00:00,1097.0,118.0,14.37,2.5
2022-08-08 08:00:00,1009.0,125.5,17.422500499999998,2.5
2022-08-08 09:00:00,1122.5,136.0,17.830000000000002,2.5
2022-08-08 10:00:00,1433.75,99.25,22.3700005,2.5
2022-08-08 11:00:00,1353.0,74.0,27.6,2.0
2022-08-08 12:00:00,1250.0,114.5,19.042499499999998,2.5
2022-08-08 13:00:00,1353.0,78.0,22.01,2.0
2022-08-08 14:00:00,905.0,89.75,17.38,2.5
2022-08-08 15:00:00,922.5,94.5,17.355,2.5
2022-08-08 16:00:00,1062.75,90.0,20.5925,2.5
2022-08-08 17:00:00,1451.25,151.0,21.17,2.5
2022-08-08 18:00:00,1652.0,142.5,20.265,2.5
2022-08-08 19:00:00,1635.0,149.5,20.505,2.5
2022-08-08 20:00:00,1615.0,84.0,26.915,2.0
2022-08-08 21:00:00,599.0,72.5,16.035,2.0
2022-08-08 22:00:00,494.0,114.0,11.12,3.0
2022-08-08 23:00:00,,,,
2022-08-09 00:00:00,,,,
2022-08-09 01:00:00,,,,
2022-08-09 02:00:00,,,,
2022-08-09 03:00:00,,,,
2022-08-09 04:00:00,1689.0,157.5,19.259998,2.0
2022-08-09 05:00:00,,,,
2022-08-09 06:00:00,1035.0,101.5,18.7225,2.5
2022-08-09 07:00:00,799.0,177.0,14.64,3.0
2022-08-09 08:00:00,1048.5,125.5,15.935,2.5
2022-08-09 09:00:00,1028.5,152.75,16.5100005,2.5
2022-08-09 10:00:00,1168.0,112.5,17.815,2.5
2022-08-09 11:00:00,1062.5,112.5,16.744999999999997,2.5
2022-08-09 12:00:00,1184.25,122.5,17.6250005,2.5
2022-08-09 13:00:00,1104.0,96.0,16.095,2.5
2022-08-09 14:00:00,999.5,120.0,18.53,2.5
2022-08-09 15:00:00,1500.5,140.0,17.759999999999998,2.5
2022-08-09 16:00:00,1115.0,118.0,19.5150005,2.5
2022-08-09 17:00:00,1420.25,134.5,20.26,2.5
2022-08-09 18:00:00,1307.0,186.5,18.5425,2.5
2022-08-09 19:00:00,1197.5,161.0,17.085,2.5
2022-08-09 20:00:00,1385.0,92.0,21.82,2.0
2022-08-09 21:00:00,899.0,66.0,17.7,2.0
2022-08-09 22:00:00,338.0,111.0,8.85,3.0
2022-08-09 23:00:00,1066.0,73.5,22.8575,2.0
2022-08-10 00:00:00,,,,
2022-08-10 01:00:00,,,,
2022-08-10 02:00:00,,,,
2022-08-10 03:00:00,,,,
2022-08-10 04:00:00,,,,
2022-08-10 05:00:00,,,,
2022-08-10 06:00:00,1147.0,101.5,14.715,3.0
2022-08-10 07:00:00,1469.5,140.5,17.1,2.5
2022-08-10 08:00:00,1087.5,101.75,18.405,2.5
2022-08-10 09:00:00,1131.5,110.0,17.93,2.5
2022-08-10 10:00:00,920.0,103.5,17.16,2.5
2022-08-10 11:00:00,1123.5,119.75,18.3675,2.5
2022-08-10 12:00:00,1185.5,104.75,17.4750005,2.5
2022-08-10 13:00:00,1264.5,141.5,18.04,2.5
2022-08-10 14:00:00,814.0,135.5,13.969999,3.0
2022-08-10 15:00:00,1072.5,90.0,20.1725,2.5
2022-08-10 16:00:00,1289.0,173.0,18.13,2.5
2022-08-10 17:00:00,1309.0,163.0,16.335,2.5
2022-08-10 18:00:00,1339.0,114.25,19.9225,2.5
2022-08-10 19:00:00,1254.5,107.5,19.485,2.5
2022-08-10 20:00:00,1709.0,79.5,25.79,2.0
2022-08-10 21:00:00,842.5,111.75,10.8475,2.5
2022-08-10 22:00:00,374.5,65.5,9.02,2.5
2022-08-10 23:00:00,1370.5,135.25,20.5999995,2.5
2022-08-11 00:00:00,,,,
2022-08-11 01:00:00,,,,
2022-08-11 02:00:00,,,,
2022-08-11 03:00:00,,,,
2022-08-11 04:00:00,,,,
2022-08-11 05:00:00,492.0,66.0,10.68,3.0
2022-08-11 06:00:00,489.0,166.0,6.01,3.0
2022-08-11 07:00:00,1310.0,124.0,19.0399995,2.5
2022-08-11 08:00:00,1174.5,134.0,17.555,2.5
2022-08-11 09:00:00,1026.0,72.0,20.93,2.0
2022-08-11 10:00:00,1078.0,123.0,16.1725,2.5
2022-08-11 11:00:00,1020.5,111.75,16.535,2.5
2022-08-11 12:00:00,814.0,119.0,11.305,3.0
2022-08-11 13:00:00,770.0,104.0,15.825,3.0
2022-08-11 14:00:00,1325.75,182.0,15.375,2.5
2022-08-11 15:00:00,1147.5,107.75,18.3525,2.5
2022-08-11 16:00:00,799.0,127.0,13.67,3.0
2022-08-11 17:00:00,971.5,111.75,18.369999999999997,2.5
2022-08-11 18:00:00,1744.0,213.0,17.2574995,2.5
2022-08-11 19:00:00,1010.0,94.0,19.579999,2.5
2022-08-11 20:00:00,1017.0,82.5,20.135,2.0
2022-08-11 21:00:00,1154.5,87.75,20.435,2.0
2022-08-11 22:00:00,1283.0,86.5,23.535,2.0
2022-08-11 23:00:00,,,,
2022-08-12 00:00:00,,,,
2022-08-12 01:00:00,465.0,97.0,8.635,2.5
2022-08-12 02:00:00,619.5,181.5,7.555,2.5
2022-08-12 03:00:00,,,,
2022-08-12 04:00:00,,,,
2022-08-12 05:00:00,,,,
2022-08-12 06:00:00,732.0,95.0,17.86,2.0
2022-08-12 07:00:00,815.0,95.25,14.5275,2.5
2022-08-12 08:00:00,912.5,104.25,16.95,2.5
2022-08-12 09:00:00,827.0,84.0,16.55,2.5
2022-08-12 10:00:00,985.0,80.5,19.0075,2.5
2022-08-12 11:00:00,938.0,112.75,17.2375,2.5
2022-08-12 12:00:00,366.5,152.0,7.35,3.5
2022-08-12 13:00:00,1068.0,102.75,16.0274995,2.5
2022-08-12 14:00:00,1067.5,107.5,18.37,2.5
2022-08-12 15:00:00,1037.25,110.25,18.46,2.5
2022-08-12 16:00:00,1039.0,123.25,18.0899995,2.5
2022-08-12 17:00:00,1072.5,157.5,16.395,2.5
2022-08-12 18:00:00,1603.5,158.0,19.2275,2.5
2022-08-12 19:00:00,1396.0,108.0,20.8,2.0
2022-08-12 20:00:00,1489.75,114.5,19.520000500000002,2.5
2022-08-12 21:00:00,1581.0,91.5,22.130001,2.0
2022-08-12 22:00:00,1213.0,80.5,18.485,2.0
2022-08-12 23:00:00,,,,
2022-08-13 00:00:00,,,,
2022-08-13 01:00:00,,,,
2022-08-13 02:00:00,,,,
2022-08-13 03:00:00,,,,
2022-08-13 04:00:00,,,,
2022-08-13 05:00:00,,,,
2022-08-13 06:00:00,799.0,96.5,14.42,3.0
2022-08-13 07:00:00,722.0,104.5,10.2899995,2.5
2022-08-13 08:00:00,972.5,110.0,16.095001,3.0
2022-08-13 09:00:00,1239.5,117.0,16.752499999999998,2.5
2022-08-13 10:00:00,951.0,188.0,14.13,3.0
2022-08-13 11:00:00,831.5,120.0,15.74,2.5
2022-08-13 12:00:00,951.0,203.0,14.225,3.0
2022-08-13 13:00:00,888.0,187.0,13.08,3.0
2022-08-13 14:00:00,951.0,192.0,11.89,3.0
2022-08-13 15:00:00,1052.0,464.0,11.059999,3.0
2022-08-13 16:00:00,1446.5,442.5,11.815001,3.0
2022-08-13 17:00:00,860.0,166.0,13.264999,3.0
2022-08-13 18:00:00,1659.0,127.0,18.527500000000003,2.5
2022-08-13 19:00:00,1743.75,180.5,18.5175,2.5
2022-08-13 20:00:00,1356.0,151.0,18.265,2.5
2022-08-13 21:00:00,1104.5,123.75,16.7050005,2.5
2022-08-13 22:00:00,917.0,97.0,5.165,3.0
2022-08-13 23:00:00,543.0,89.0,11.715,3.0
2022-08-14 00:00:00,1126.5,88.25,18.075000000000003,2.5
2022-08-14 01:00:00,,,,
2022-08-14 02:00:00,,,,
2022-08-14 03:00:00,,,,
2022-08-14 04:00:00,,,,
2022-08-14 05:00:00,,,,
2022-08-14 06:00:00,333.0,137.5,5.545,4.0
2022-08-14 07:00:00,551.5,213.0,9.0475,3.5
2022-08-14 08:00:00,799.0,160.0,7.7,3.0
2022-08-14 09:00:00,1212.5,130.0,18.57,2.5
2022-08-14 10:00:00,899.0,192.0,12.085,3.0
2022-08-14 11:00:00,834.5,124.0,13.16,3.0
2022-08-14 12:00:00,1246.0,136.0,15.71,3.0
2022-08-14 13:00:00,1115.0,139.5,17.195,2.5
2022-08-14 14:00:00,1051.0,135.25,16.0675,2.5
2022-08-14 15:00:00,1225.5,143.75,17.505,2.5
2022-08-14 16:00:00,1293.75,123.75,20.3475,2.5
2022-08-14 17:00:00,1726.0,216.0,18.38,2.5
2022-08-14 18:00:00,1692.0,105.5,23.55,2.0
2022-08-14 19:00:00,1013.0,86.25,17.8300005,2.5
2022-08-14 20:00:00,1512.0,123.5,18.155,2.5
2022-08-14 21:00:00,1166.25,101.25,18.8225015,2.5
2022-08-14 22:00:00,713.0,86.0,13.440001,3.0
2022-08-14 23:00:00,393.5,64.0,8.975,2.0
2022-08-15 00:00:00,,,,
2022-08-15 01:00:00,,,,
2022-08-15 02:00:00,,,,
2022-08-15 03:00:00,,,,
2022-08-15 04:00:00,,,,
2022-08-15 05:00:00,296.0,99.0,6.185,3.0
2022-08-15 06:00:00,657.0,150.0,10.264999,3.0
2022-08-15 07:00:00,941.0,96.5,17.435000000000002,2.5
2022-08-15 08:00:00,1132.75,107.25,16.95,2.5
2022-08-15 09:00:00,1103.5,111.5,17.9924995,2.5
2022-08-15 10:00:00,1138.0,131.0,17.095,2.5
2022-08-15 11:00:00,1099.0,108.5,19.395000000000003,2.5
2022-08-15 12:00:00,1065.0,316.0,8.67,3.0
2022-08-15 13:00:00,774.5,92.5,17.7624995,2.5
2022-08-15 14:00:00,868.5,82.0,19.44,2.5
2022-08-15 15:00:00,856.5,129.0,15.607499999999998,2.5
2022-08-15 16:00:00,1299.0,144.25,18.7875,2.5
2022-08-15 17:00:00,1230.5,144.0,17.192500000000003,2.5
2022-08-15 18:00:00,1414.0,177.0,17.955,2.5
2022-08-15 19:00:00,1294.0,144.25,17.8275,2.5
2022-08-15 20:00:00,1647.0,87.5,24.265,2.0
2022-08-15 21:00:00,1301.0,106.0,20.48,2.0
2022-08-15 22:00:00,204.0,75.0,5.1,2.0
2022-08-15 23:00:00,,,,
2022-08-16 00:00:00,204.0,73.0,5.18,2.0
2022-08-16 01:00:00,,,,
2022-08-16 02:00:00,,,,
2022-08-16 03:00:00,,,,
2022-08-16 04:00:00,,,,
2022-08-16 05:00:00,,,,
2022-08-16 06:00:00,452.5,223.0,7.335,3.5
2022-08-16 07:00:00,881.0,123.0,14.45,3.0
2022-08-16 08:00:00,1061.0,149.25,19.1725,2.5
2022-08-16 09:00:00,917.0,90.5,16.14,2.5
2022-08-16 10:00:00,1213.0,87.0,21.13,2.0
2022-08-16 11:00:00,799.0,89.0,15.29,3.0
2022-08-16 12:00:00,1235.75,88.0,18.255,2.5
2022-08-16 13:00:00,1065.25,107.0,17.064999999999998,2.5
2022-08-16 14:00:00,1015.75,110.5,17.6150005,2.5
2022-08-16 15:00:00,799.0,101.0,15.79,3.0
2022-08-16 16:00:00,1015.0,97.0,17.875,2.5
2022-08-16 17:00:00,1211.5,151.0,15.915,2.5
2022-08-16 18:00:00,1321.0,186.5,17.310000000000002,2.5
2022-08-16 19:00:00,1419.5,138.75,18.44,2.5
2022-08-16 20:00:00,1224.0,70.0,21.39,2.0
2022-08-16 21:00:00,706.0,64.0,16.31,1.5
2022-08-16 22:00:00,321.0,66.5,7.545,3.0
2022-08-16 23:00:00,,,,
2022-08-17 00:00:00,,,,
2022-08-17 01:00:00,,,,
2022-08-17 02:00:00,,,,
2022-08-17 03:00:00,,,,
2022-08-17 04:00:00,,,,
2022-08-17 05:00:00,,,,
2022-08-17 06:00:00,1042.0,79.0,18.13,3.0
2022-08-17 07:00:00,,,,
2022-08-17 08:00:00,,,,
2022-08-17 09:00:00,333.0,72.0,8.17,3.0
2022-08-17 10:00:00,713.0,92.0,16.21,3.0
2022-08-17 11:00:00,1168.0,78.0,20.84,2.0
2022-08-17 12:00:00,1175.5,79.5,18.545,2.0
2022-08-17 13:00:00,1213.0,133.5,16.880001,3.0
2022-08-17 14:00:00,899.0,105.0,13.38,3.0
2022-08-17 15:00:00,1241.5,83.0,19.95,2.0
2022-08-17 16:00:00,1353.0,73.0,24.0,2.0
2022-08-17 17:00:00,1142.0,76.5,24.825,2.0
2022-08-17 18:00:00,1270.0,77.5,22.34,2.0
2022-08-17 19:00:00,1213.0,83.0,20.34,2.0
2022-08-17 20:00:00,1071.0,66.0,21.44,2.0
2022-08-17 21:00:00,726.25,81.75,14.6175005,2.5
2022-08-17 22:00:00,465.0,77.75,9.025,2.5
2022-08-17 23:00:00,,,,
2022-08-18 00:00:00,,,,
2022-08-18 01:00:00,,,,
2022-08-18 02:00:00,,,,
2022-08-18 03:00:00,,,,
2022-08-18 04:00:00,,,,
2022-08-18 05:00:00,1588.0,81.0,25.04,2.0
2022-08-18 06:00:00,768.0,118.0,12.02,3.0
2022-08-18 07:00:00,1115.5,127.0,9.93,3.0
2022-08-18 08:00:00,828.25,97.5,16.405,2.5
2022-08-18 09:00:00,647.5,144.0,14.5,3.0
2022-08-18 10:00:00,1138.0,129.0,17.15,3.0
2022-08-18 11:00:00,1089.0,121.75,18.634999999999998,2.5
2022-08-18 12:00:00,962.5,118.5,16.445,2.5
2022-08-18 13:00:00,1014.0,90.75,18.6199995,2.5
2022-08-18 14:00:00,1241.0,251.0,17.53,2.5
2022-08-18 15:00:00,770.0,142.5,14.21,3.0
2022-08-18 16:00:00,1210.0,112.25,17.96,2.5
2022-08-18 17:00:00,1133.5,120.5,17.96,2.5
2022-08-18 18:00:00,1372.0,160.0,11.24,3.0
2022-08-18 19:00:00,1508.25,262.5,14.55,2.5
2022-08-18 20:00:00,1423.5,227.5,16.4125,2.5
2022-08-18 21:00:00,1209.0,178.5,10.91,3.0
2022-08-18 22:00:00,1070.5,65.5,19.67,2.5
2022-08-18 23:00:00,,,,
2022-08-19 00:00:00,,,,
2022-08-19 01:00:00,,,,
2022-08-19 02:00:00,,,,
2022-08-19 03:00:00,,,,
2022-08-19 04:00:00,,,,
2022-08-19 05:00:00,,,,
2022-08-19 06:00:00,800.0,74.5,17.01,2.5
2022-08-19 07:00:00,1065.0,186.0,10.16,3.0
2022-08-19 08:00:00,861.0,143.0,14.71,3.0
2022-08-19 09:00:00,1196.0,124.0,16.05,3.0
2022-08-19 10:00:00,1018.5,111.0,17.4475,2.5
2022-08-19 11:00:00,1104.0,92.5,18.3524995,2.5
2022-08-19 12:00:00,458.5,117.0,8.870000000000001,2.5
2022-08-19 13:00:00,1049.25,100.25,17.682499999999997,2.5
2022-08-19 14:00:00,799.0,148.5,13.475,3.0
2022-08-19 15:00:00,1018.5,135.5,17.04,2.5
2022-08-19 16:00:00,846.0,137.5,12.79,3.0
2022-08-19 17:00:00,1040.5,141.0,16.265,2.5
2022-08-19 18:00:00,1242.5,145.0,19.8925005,2.5
2022-08-19 19:00:00,1335.0,87.0,20.759999999999998,2.5
2022-08-19 20:00:00,1197.0,74.0,23.39,2.0
2022-08-19 21:00:00,983.5,69.5,21.145,2.0
2022-08-19 22:00:00,1989.0,132.0,21.08,2.0
2022-08-19 23:00:00,,,,
2022-08-20 00:00:00,,,,
2022-08-20 01:00:00,,,,
2022-08-20 02:00:00,,,,
2022-08-20 03:00:00,,,,
2022-08-20 04:00:00,204.0,69.5,5.315,2.0
2022-08-20 05:00:00,1071.0,191.0,14.07,3.0
2022-08-20 06:00:00,,,,
2022-08-20 07:00:00,326.5,77.0,6.55,2.5
2022-08-20 08:00:00,925.5,82.25,18.5300005,2.5
2022-08-20 09:00:00,979.5,101.5,16.549999999999997,2.5
2022-08-20 10:00:00,1026.0,201.5,12.754999,3.0
2022-08-20 11:00:00,860.0,148.0,13.74,3.0
2022-08-20 12:00:00,945.0,98.0,17.950000000000003,2.5
2022-08-20 13:00:00,790.0,288.0,12.1,3.0
2022-08-20 14:00:00,1147.0,313.0,11.16,3.0
2022-08-20 15:00:00,964.5,109.0,16.130000000000003,2.5
2022-08-20 16:00:00,1168.0,127.0,14.65,3.0
2022-08-20 17:00:00,1007.0,102.5,17.310000000000002,2.5
2022-08-20 18:00:00,1703.0,116.0,19.91,2.0
2022-08-20 19:00:00,1414.0,120.0,19.1925,2.5
2022-08-20 20:00:00,1301.0,90.25,19.785,2.5
2022-08-20 21:00:00,1274.0,95.0,20.52,2.0
2022-08-20 22:00:00,544.0,75.75,11.35,2.5
2022-08-20 23:00:00,1241.0,86.0,17.5075,2.5
2022-08-21 00:00:00,,,,
2022-08-21 01:00:00,,,,
2022-08-21 02:00:00,,,,
2022-08-21 03:00:00,,,,
2022-08-21 04:00:00,,,,
2022-08-21 05:00:00,,,,
2022-08-21 06:00:00,333.0,119.0,5.99,4.0
2022-08-21 07:00:00,310.0,98.0,5.87,2.5
2022-08-21 08:00:00,713.0,171.5,14.37,3.0
2022-08-21 09:00:00,1013.5,81.5,16.68,2.5
2022-08-21 10:00:00,1352.0,73.0,24.085,2.0
2022-08-21 11:00:00,1168.0,90.0,20.195,2.0
2022-08-21 12:00:00,1082.0,131.25,17.455,2.5
2022-08-21 13:00:00,861.0,196.0,13.639999,3.0
2022-08-21 14:00:00,1253.0,140.75,15.9249995,2.5
2022-08-21 15:00:00,1601.0,268.5,16.0625,2.5
2022-08-21 16:00:00,1290.5,235.0,16.215,2.5
2022-08-21 17:00:00,1424.5,204.5,16.880000000000003,2.5
2022-08-21 18:00:00,1424.0,124.0,19.905,2.5
2022-08-21 19:00:00,1253.5,100.75,18.8,2.5
2022-08-21 20:00:00,1275.5,170.0,16.1000005,2.5
2022-08-21 21:00:00,1504.0,90.5,23.465,2.0
2022-08-21 22:00:00,1008.0,83.25,16.42,2.5
2022-08-21 23:00:00,204.0,67.5,5.3999996,2.0
2022-08-22 00:00:00,,,,
2022-08-22 01:00:00,2120.0,279.5,17.88,2.5
2022-08-22 02:00:00,,,,
2022-08-22 03:00:00,,,,
2022-08-22 04:00:00,,,,
2022-08-22 05:00:00,346.5,134.5,6.6825,3.5
2022-08-22 06:00:00,545.0,110.0,8.5,3.0
2022-08-22 07:00:00,936.0,133.0,11.610001,3.0
2022-08-22 08:00:00,1026.0,91.75,20.240000000000002,2.5
2022-08-22 09:00:00,725.0,112.0,12.09,3.0
2022-08-22 10:00:00,861.0,145.0,11.81,3.0
2022-08-22 11:00:00,1331.5,126.75,16.494999999999997,2.5
2022-08-22 12:00:00,1062.5,134.25,17.552500000000002,2.5
2022-08-22 13:00:00,882.5,77.5,19.725,2.5
2022-08-22 14:00:00,1323.0,86.5,20.655,2.5
2022-08-22 15:00:00,881.5,91.0,18.259999999999998,2.5
2022-08-22 16:00:00,1401.0,174.0,17.595,2.5
2022-08-22 17:00:00,1566.5,151.5,18.950000000000003,2.5
2022-08-22 18:00:00,1692.0,111.0,21.88,2.0
2022-08-22 19:00:00,1276.0,79.0,16.115,2.0
2022-08-22 20:00:00,1168.0,91.0,19.33,2.0
2022-08-22 21:00:00,1386.5,68.5,29.965,1.5
2022-08-22 22:00:00,1649.0,80.0,29.34,2.0
2022-08-22 23:00:00,,,,
2022-08-23 00:00:00,,,,
2022-08-23 01:00:00,,,,
2022-08-23 02:00:00,,,,
2022-08-23 03:00:00,,,,
2022-08-23 04:00:00,,,,
2022-08-23 05:00:00,,,,
2022-08-23 06:00:00,918.0,98.0,19.46,2.5
2022-08-23 07:00:00,799.5,133.0,15.48,3.0
2022-08-23 08:00:00,677.0,187.0,12.38,3.0
2022-08-23 09:00:00,1249.75,141.75,16.8925005,2.5
2022-08-23 10:00:00,1039.0,101.25,18.725,2.5
2022-08-23 11:00:00,1219.5,133.0,17.369999999999997,2.5
2022-08-23 12:00:00,1190.5,132.0,17.915,2.5
2022-08-23 13:00:00,1071.0,153.5,9.955,3.0
2022-08-23 14:00:00,951.0,151.5,12.805,3.0
2022-08-23 15:00:00,1346.75,109.75,22.0549995,2.5
2022-08-23 16:00:00,966.0,88.0,21.8999995,2.5
2022-08-23 17:00:00,967.0,152.75,15.5825,2.5
2022-08-23 18:00:00,1392.5,118.25,17.8,2.5
2022-08-23 19:00:00,1542.0,101.0,25.31,2.0
2022-08-23 20:00:00,1523.0,110.0,20.315,2.0
2022-08-23 21:00:00,,,,
2022-08-23 22:00:00,,,,
2022-08-23 23:00:00,,,,
2022-08-24 00:00:00,,,,
2022-08-24 01:00:00,,,,
2022-08-24 02:00:00,,,,
2022-08-24 03:00:00,,,,
2022-08-24 04:00:00,,,,
2022-08-24 05:00:00,1270.0,97.0,19.64,2.0
2022-08-24 06:00:00,976.0,155.0,9.55,3.0
2022-08-24 07:00:00,1168.0,149.0,15.795,2.5
2022-08-24 08:00:00,842.0,143.0,11.71,3.0
2022-08-24 09:00:00,792.0,94.5,13.87,2.5
2022-08-24 10:00:00,1171.5,117.0,17.2250005,2.5
2022-08-24 11:00:00,1325.5,138.0,18.3325,2.5
2022-08-24 12:00:00,875.5,91.5,17.09,2.5
2022-08-24 13:00:00,999.0,99.75,17.384999999999998,2.5
2022-08-24 14:00:00,1063.0,102.5,16.3425005,2.5
2022-08-24 15:00:00,761.5,147.5,15.4175,2.5
2022-08-24 16:00:00,1267.0,140.0,18.4025015,2.5
2022-08-24 17:00:00,1153.0,136.25,18.3875005,2.5
2022-08-24 18:00:00,1601.0,142.5,18.487499999999997,2.5
2022-08-24 19:00:00,1353.0,78.0,27.41,2.0
2022-08-24 20:00:00,1499.0,87.0,23.525,2.0
2022-08-24 21:00:00,1071.0,98.0,21.665,2.0
2022-08-24 22:00:00,,,,
2022-08-24 23:00:00,1010.0,67.5,24.822499999999998,1.5
2022-08-25 00:00:00,786.5,114.75,14.9175,2.5
2022-08-25 01:00:00,,,,
2022-08-25 02:00:00,,,,
2022-08-25 03:00:00,,,,
2022-08-25 04:00:00,,,,
2022-08-25 05:00:00,1581.0,74.0,29.27,1.0
2022-08-25 06:00:00,448.0,172.5,4.7,3.0
2022-08-25 07:00:00,1370.0,179.0,15.7099995,2.5
2022-08-25 08:00:00,983.5,121.25,14.620000000000001,2.5
2022-08-25 09:00:00,668.5,84.25,17.302500000000002,2.5
2022-08-25 10:00:00,1328.5,169.0,17.225,2.5
2022-08-25 11:00:00,1138.0,100.0,22.43,2.0
2022-08-25 12:00:00,1250.0,107.0,16.655,2.5
2022-08-25 13:00:00,1178.0,106.5,21.2825,2.5
2022-08-25 14:00:00,1011.5,121.5,16.8425005,2.5
2022-08-25 15:00:00,1208.0,146.5,16.215,2.5
2022-08-25 16:00:00,1125.5,158.0,18.16,2.5
2022-08-25 17:00:00,1222.0,159.5,16.8425,2.5
2022-08-25 18:00:00,1341.0,136.75,17.8325,2.5
2022-08-25 19:00:00,1581.0,98.0,23.37,2.0
2022-08-25 20:00:00,1071.0,72.0,24.33,2.0
2022-08-25 21:00:00,1660.0,88.0,28.29,2.0
2022-08-25 22:00:00,1786.0,75.0,30.27,1.0
2022-08-25 23:00:00,,,,
2022-08-26 00:00:00,,,,
2022-08-26 01:00:00,,,,
2022-08-26 02:00:00,,,,
2022-08-26 03:00:00,,,,
2022-08-26 04:00:00,,,,
2022-08-26 05:00:00,,,,
2022-08-26 06:00:00,1218.75,123.25,16.3875,2.5
2022-08-26 07:00:00,786.0,100.0,16.855,2.5
2022-08-26 08:00:00,1060.0,124.0,15.565,2.5
2022-08-26 09:00:00,1268.75,100.75,17.310000000000002,2.5
2022-08-26 10:00:00,908.0,83.5,16.075,2.5
2022-08-26 11:00:00,1168.0,121.0,16.52,3.0
2022-08-26 12:00:00,890.0,88.25,15.314999499999999,2.5
2022-08-26 13:00:00,1097.0,124.75,17.6525,2.5
2022-08-26 14:00:00,799.0,293.0,12.0,3.0
2022-08-26 15:00:00,916.0,126.5,17.11,2.5
2022-08-26 16:00:00,1146.5,122.5,18.7975,2.5
2022-08-26 17:00:00,1017.0,207.5,13.969999,3.0
2022-08-26 18:00:00,1797.0,150.75,16.96,2.5
2022-08-26 19:00:00,1516.0,218.25,18.4575,2.5
2022-08-26 20:00:00,1642.0,161.0,20.385,2.5
2022-08-26 21:00:00,1262.5,133.5,17.855,2.5
2022-08-26 22:00:00,1213.0,86.5,20.145,2.0
2022-08-26 23:00:00,,,,
2022-08-27 00:00:00,1050.5,110.0,19.845,2.5
2022-08-27 01:00:00,,,,
2022-08-27 02:00:00,,,,
2022-08-27 03:00:00,,,,
2022-08-27 04:00:00,,,,
2022-08-27 05:00:00,,,,
2022-08-27 06:00:00,,,,
2022-08-27 07:00:00,799.0,89.0,14.81,3.0
2022-08-27 08:00:00,1221.5,127.75,19.355,2.5
2022-08-27 09:00:00,1138.0,213.0,13.3,3.0
2022-08-27 10:00:00,1039.5,138.25,17.8825,2.5
2022-08-27 11:00:00,814.0,186.0,10.79,3.0
2022-08-27 12:00:00,1117.0,168.25,18.0025,2.5
2022-08-27 13:00:00,886.0,130.25,9.61499985,2.5
2022-08-27 14:00:00,1168.0,374.0,10.12,3.0
2022-08-27 15:00:00,908.0,280.5,8.1675,3.5
2022-08-27 16:00:00,1581.0,423.0,10.58,3.0
2022-08-27 17:00:00,1263.25,116.25,17.385,2.5
2022-08-27 18:00:00,1514.0,139.0,19.509999999999998,2.5
2022-08-27 19:00:00,1689.0,89.0,23.86,2.0
2022-08-27 20:00:00,1762.0,198.25,17.985,2.5
2022-08-27 21:00:00,1681.0,177.75,16.435,2.5
2022-08-27 22:00:00,952.5,104.0,19.689999999999998,2.5
2022-08-27 23:00:00,1864.0,61.0,33.37,1.0
2022-08-28 00:00:00,,,,
2022-08-28 01:00:00,,,,
2022-08-28 02:00:00,,,,
2022-08-28 03:00:00,,,,
2022-08-28 04:00:00,,,,
2022-08-28 05:00:00,,,,
2022-08-28 06:00:00,204.0,172.0,3.89,4.0
2022-08-28 07:00:00,374.5,128.5,7.76,3.5
2022-08-28 08:00:00,792.0,96.5,15.754999999999999,2.5
2022-08-28 09:00:00,849.0,128.0,11.59,3.0
2022-08-28 10:00:00,1034.5,134.25,15.5574995,2.5
2022-08-28 11:00:00,1002.25,124.25,16.9499995,2.5
2022-08-28 12:00:00,799.0,128.0,11.39,3.0
2022-08-28 13:00:00,1026.0,150.0,13.95,3.0
2022-08-28 14:00:00,1051.0,201.0,14.68,3.0
2022-08-28 15:00:00,1042.0,247.0,11.4,3.0
2022-08-28 16:00:00,1353.0,140.5,14.25,3.0
2022-08-28 17:00:00,1523.0,190.0,16.82,3.0
2022-08-28 18:00:00,1149.5,144.75,17.05,2.5
2022-08-28 19:00:00,1564.5,116.0,19.189999999999998,2.5
2022-08-28 20:00:00,1129.0,104.25,17.977499,2.5
2022-08-28 21:00:00,962.0,82.0,18.325000000000003,2.5
2022-08-28 22:00:00,770.5,77.0,13.8649995,3.0
2022-08-28 23:00:00,1220.0,73.25,25.564999999999998,1.5
2022-08-29 00:00:00,,,,
2022-08-29 01:00:00,1864.0,64.5,32.72,1.0
2022-08-29 02:00:00,,,,
2022-08-29 03:00:00,,,,
2022-08-29 04:00:00,,,,
2022-08-29 05:00:00,219.0,78.0,5.38,3.0
2022-08-29 06:00:00,799.0,171.0,11.39,3.0
2022-08-29 07:00:00,1133.25,149.5,19.6325,2.5
2022-08-29 08:00:00,1026.0,169.5,17.0325005,2.5
2022-08-29 09:00:00,922.0,93.0,14.3275,2.5
2022-08-29 10:00:00,1075.5,111.75,16.5399995,2.5
2022-08-29 11:00:00,1435.75,148.0,16.3774995,2.5
2022-08-29 12:00:00,1085.0,103.75,17.18,2.5
2022-08-29 13:00:00,1142.5,132.0,15.2625,2.5
2022-08-29 14:00:00,910.0,82.75,15.175,2.5
2022-08-29 15:00:00,1065.5,123.0,15.94,2.5
2022-08-29 16:00:00,1181.75,141.25,17.0775,2.5
2022-08-29 17:00:00,913.0,116.75,17.4075005,2.5
2022-08-29 18:00:00,1470.5,195.75,16.405,2.5
2022-08-29 19:00:00,1291.5,172.5,16.950000000000003,2.5
2022-08-29 20:00:00,1207.0,108.0,19.5425,2.5
2022-08-29 21:00:00,1008.0,88.0,20.175,2.5
2022-08-29 22:00:00,1514.0,122.0,22.76,2.0
2022-08-29 23:00:00,,,,
2022-08-30 00:00:00,,,,
2022-08-30 01:00:00,,,,
2022-08-30 02:00:00,,,,
2022-08-30 03:00:00,,,,
2022-08-30 04:00:00,,,,
2022-08-30 05:00:00,,,,
2022-08-30 06:00:00,997.0,134.0,11.19,3.0
2022-08-30 07:00:00,990.0,111.5,17.545,2.5
2022-08-30 08:00:00,792.0,111.0,15.364999999999998,2.5
2022-08-30 09:00:00,820.0,105.25,15.572499999999998,2.5
2022-08-30 10:00:00,1097.0,135.0,16.465,2.5
2022-08-30 11:00:00,1047.0,111.5,17.567500000000003,2.5
2022-08-30 12:00:00,1040.0,108.0,15.9925005,2.5
2022-08-30 13:00:00,1170.0,159.0,18.6825,2.5
2022-08-30 14:00:00,1230.5,191.5,16.247500000000002,2.5
2022-08-30 15:00:00,1026.0,196.5,16.715,2.5
2022-08-30 16:00:00,1065.5,148.25,17.58,2.5
2022-08-30 17:00:00,1097.0,156.5,16.25,2.5
2022-08-30 18:00:00,1369.0,179.5,17.895,2.5
2022-08-30 19:00:00,1241.0,116.5,16.325,2.5
2022-08-30 20:00:00,1703.0,107.0,21.385,2.0
2022-08-30 21:00:00,1689.0,61.0,27.26,1.0
2022-08-30 22:00:00,,,,
2022-08-30 23:00:00,760.0,84.0,19.14,2.0
2022-08-31 00:00:00,,,,
2022-08-31 01:00:00,,,,
2022-08-31 02:00:00,,,,
2022-08-31 03:00:00,,,,
2022-08-31 04:00:00,,,,
2022-08-31 05:00:00,737.0,103.0,9.36,3.0
2022-08-31 06:00:00,706.0,170.0,9.87,3.0
2022-08-31 07:00:00,881.0,196.0,11.15,3.0
2022-08-31 08:00:00,644.5,137.0,9.19,2.5
2022-08-31 09:00:00,1057.5,121.75,16.9,2.5
2022-08-31 10:00:00,875.5,99.0,17.347499499999998,2.5
2022-08-31 11:00:00,983.5,92.0,17.505000000000003,2.5
2022-08-31 12:00:00,1329.5,137.25,18.21,2.5
2022-08-31 13:00:00,920.5,113.0,15.52,2.5
2022-08-31 14:00:00,953.5,135.5,17.155,2.5
2022-08-31 15:00:00,1058.5,169.75,16.535,2.5
2022-08-31 16:00:00,1016.5,111.75,18.12,2.5
2022-08-31 17:00:00,1299.0,153.0,20.835,2.5
2022-08-31 18:00:00,1425.0,120.0,17.365000000000002,2.5
2022-08-31 19:00:00,1488.5,111.5,18.4825,2.5
2022-08-31 20:00:00,1274.0,84.5,23.36,2.0
2022-08-31 21:00:00,1703.0,60.5,32.98,1.0
2022-08-31 22:00:00,1786.0,75.0,30.3,1.0
2022-08-31 23:00:00,,,,
2022-09-01 00:00:00,,,,
2022-09-01 01:00:00,,,,
2022-09-01 02:00:00,1238.0,110.0,17.645000500000002,2.5
2022-09-01 03:00:00,,,,
2022-09-01 04:00:00,,,,
2022-09-01 05:00:00,,,,
2022-09-01 06:00:00,1168.0,136.0,15.97,3.0
2022-09-01 07:00:00,1137.25,127.25,16.989999,2.5
2022-09-01 08:00:00,1071.0,103.0,20.53,2.0
2022-09-01 09:00:00,995.5,111.0,16.605,2.5
2022-09-01 10:00:00,674.5,82.25,14.42,2.5
2022-09-01 11:00:00,1343.0,104.75,20.7725,2.5
2022-09-01 12:00:00,840.5,84.5,18.245,2.5
2022-09-01 13:00:00,889.0,98.0,15.915000000000001,2.5
2022-09-01 14:00:00,983.5,108.75,15.925,2.5
2022-09-01 15:00:00,1132.25,114.0,16.7400005,2.5
2022-09-01 16:00:00,881.5,95.0,16.3725,2.5
2022-09-01 17:00:00,1059.25,146.25,16.369999999999997,2.5
2022-09-01 18:00:00,1039.0,149.0,17.695,2.5
2022-09-01 19:00:00,1098.5,104.5,18.92,2.5
2022-09-01 20:00:00,1026.0,72.0,24.77,2.0
2022-09-01 21:00:00,1466.25,77.5,28.33,1.5
2022-09-01 22:00:00,1147.0,67.0,16.79,3.0
2022-09-01 23:00:00,561.5,100.0,13.65,3.0
2022-09-02 00:00:00,,,,
2022-09-02 01:00:00,,,,
2022-09-02 02:00:00,,,,
2022-09-02 03:00:00,,,,
2022-09-02 04:00:00,,,,
2022-09-02 05:00:00,,,,
2022-09-02 06:00:00,881.0,118.5,12.42,3.0
2022-09-02 07:00:00,911.5,163.5,8.555,2.5
2022-09-02 08:00:00,903.0,113.5,16.63,2.5
2022-09-02 09:00:00,1168.0,92.5,21.779999,2.0
2022-09-02 10:00:00,1026.0,117.75,18.047500499999998,2.5
2022-09-02 11:00:00,1260.5,84.0,20.7175,2.5
2022-09-02 12:00:00,360.0,105.0,9.65,3.0
2022-09-02 13:00:00,1026.0,142.0,15.83,2.5
2022-09-02 14:00:00,1105.0,117.5,18.345,2.5
2022-09-02 15:00:00,965.0,130.5,16.384999999999998,2.5
2022-09-02 16:00:00,1026.0,164.0,14.085,3.0
2022-09-02 17:00:00,1007.0,134.0,16.4875005,2.5
2022-09-02 18:00:00,1007.0,129.5,17.875,2.5
2022-09-02 19:00:00,1297.5,97.0,16.17,2.5
2022-09-02 20:00:00,1506.5,191.0,17.84249975,2.5
2022-09-02 21:00:00,1526.0,149.5,17.884999999999998,2.5
2022-09-02 22:00:00,,,,
2022-09-02 23:00:00,1372.0,70.0,28.96,1.0
2022-09-03 00:00:00,1026.0,180.0,14.22,3.0
2022-09-03 01:00:00,,,,
2022-09-03 02:00:00,,,,
2022-09-03 03:00:00,713.0,68.0,15.9,3.0
2022-09-03 04:00:00,,,,
2022-09-03 05:00:00,,,,
2022-09-03 06:00:00,204.0,146.0,6.02,4.0
2022-09-03 07:00:00,713.0,156.0,14.77,3.0
2022-09-03 08:00:00,969.0,128.0,15.945,2.5
2022-09-03 09:00:00,911.75,147.0,16.3200005,2.5
2022-09-03 10:00:00,1265.0,152.25,18.47,2.5
2022-09-03 11:00:00,1026.0,243.0,12.08,3.0
2022-09-03 12:00:00,1168.0,376.0,9.92,3.0
2022-09-03 13:00:00,861.0,216.0,11.46,3.0
2022-09-03 14:00:00,770.0,301.0,10.395,3.0
2022-09-03 15:00:00,1138.0,323.0,9.844999,3.0
2022-09-03 16:00:00,1514.5,187.0,11.472500499999999,2.5
2022-09-03 17:00:00,1523.0,191.0,15.12,3.0
2022-09-03 18:00:00,1525.5,102.0,18.555,2.5
2022-09-03 19:00:00,1391.5,120.25,16.8725005,2.5
2022-09-03 20:00:00,1724.5,134.75,18.165,2.5
2022-09-03 21:00:00,1554.75,196.0,18.505000000000003,2.5
2022-09-03 22:00:00,1594.5,143.25,18.77,2.5
2022-09-03 23:00:00,204.0,74.5,4.145,1.0
2022-09-04 00:00:00,,,,
2022-09-04 01:00:00,,,,
2022-09-04 02:00:00,,,,
2022-09-04 03:00:00,,,,
2022-09-04 04:00:00,,,,
2022-09-04 05:00:00,,,,
2022-09-04 06:00:00,638.5,135.0,12.620000000000001,3.0
2022-09-04 07:00:00,494.5,116.0,8.092500000000001,2.5
2022-09-04 08:00:00,987.5,184.0,12.924999,3.0
2022-09-04 09:00:00,1026.0,206.25,16.585,2.5
2022-09-04 10:00:00,978.0,106.0,13.34,3.0
2022-09-04 11:00:00,1026.0,176.0,13.12,3.0
2022-09-04 12:00:00,1168.0,107.0,19.415,2.0
2022-09-04 13:00:00,943.0,151.0,13.83,3.0
2022-09-04 14:00:00,1434.0,240.0,16.6775,2.5
2022-09-04 15:00:00,1435.5,240.5,16.310000000000002,2.5
2022-09-04 16:00:00,1771.0,215.75,16.927500000000002,2.5
2022-09-04 17:00:00,1228.0,192.75,17.1974995,2.5
2022-09-04 18:00:00,1110.0,139.5,18.16,2.5
2022-09-04 19:00:00,1104.25,131.5,18.915,2.5
2022-09-04 20:00:00,1287.25,128.75,17.6899995,2.5
2022-09-04 21:00:00,1168.0,105.5,18.105,2.5
2022-09-04 22:00:00,204.0,105.0,4.24,2.0
2022-09-04 23:00:00,1287.5,140.0,12.52,3.0
