,time,median_length,median_delay_seconds,median_regular_speed,median_seconds,median_speed,median_jam_level
0,2022-07-06 09:00:00,1878.0,689.0,13.775,856.5,7.34,4.0
1,2022-07-06 09:00:00,1226.0,339.5,14.4,447.0,9.995,3.0
4,2022-07-06 10:00:00,1420.0,623.0,11.71,734.0,6.56,4.0
39,2022-07-06 18:00:00,1420.0,329.5,17.314999,460.5,11.08,3.0
40,2022-07-06 18:00:00,570.0,534.0,13.65,584.0,3.5,4.0
53,2022-07-07 16:00:00,1289.0,898.0,11.61,1012.0,4.58,4.0
71,2022-07-07 17:00:00,687.0,215.0,12.46,275.0,8.98,3.0
72,2022-07-07 17:00:00,1107.0,678.0,11.14,777.0,6.25,4.0
77,2022-07-07 18:00:00,881.0,399.5,16.224998,477.0,6.47,4.0
119,2022-07-08 19:00:00,1160.0,807.0,23.87,908.0,4.6400003,4.0
123,2022-07-08 20:00:00,1257.0,715.0,23.76,808.0,4.87,4.0
124,2022-07-08 20:00:00,850.0,178.0,21.32,256.0,11.94,3.0
128,2022-07-08 21:00:00,1893.0,520.0,24.57,688.0,9.89,3.0
129,2022-07-08 21:00:00,2025.0,770.0,24.43,950.0,7.66,4.0
183,2022-07-11 10:00:00,1233.5,416.0,16.035,524.0,8.46,4.0
184,2022-07-11 10:00:00,1292.0,344.0,15.4,457.0,10.22,3.0
186,2022-07-11 11:00:00,1893.0,464.0,12.57,632.0,10.77,3.0
188,2022-07-11 11:00:00,1483.0,576.0,14.07,707.0,7.54,4.0
195,2022-07-11 16:00:00,687.0,334.5,10.0,397.0,6.2200003,4.0
199,2022-07-11 17:00:00,850.0,639.5,17.154999,719.5,3.6599998,4.0
205,2022-07-11 17:00:00,998.0,290.0,19.07,378.0,9.49,3.0
207,2022-07-11 18:00:00,938.0,827.0,18.99,911.0,4.43,4.0
210,2022-07-11 18:00:00,850.0,140.0,21.79,222.0,13.76,2.0
211,2022-07-11 18:00:00,1257.0,459.5,21.74,574.5,7.865,3.0
213,2022-07-11 19:00:00,1417.0,574.5,19.895,693.5,6.96,4.0
214,2022-07-11 19:00:00,1289.0,351.5,21.3,469.0,10.33,3.0
216,2022-07-11 20:00:00,850.0,114.0,23.85,195.0,15.66,2.0
217,2022-07-11 20:00:00,1289.0,288.0,23.46,406.0,10.26,3.0
230,2022-07-12 17:00:00,1169.0,485.0,15.71,594.0,7.08,4.0
241,2022-07-12 18:00:00,1169.0,485.0,15.71,594.0,7.08,4.0
245,2022-07-12 18:00:00,849.0,239.0,17.26,354.0,9.84,3.0
264,2022-07-13 09:00:00,752.0,368.0,11.11,437.0,6.33,4.0
265,2022-07-13 10:00:00,1257.0,1165.0,9.86,1291.0,3.34,4.0
267,2022-07-13 11:00:00,1218.0,1083.0,13.16,1193.0,3.51,4.0
269,2022-07-13 11:00:00,850.0,281.0,12.645,365.0,8.37,3.0
272,2022-07-13 12:00:00,1417.0,785.0,14.87,907.0,4.925,4.0
273,2022-07-13 13:00:00,1895.0,330.0,19.384998,499.0,13.67,3.0
275,2022-07-13 13:00:00,1420.0,868.0,18.47,1012.0,5.0,4.0
283,2022-07-13 14:00:00,1095.5,283.0,19.265,375.0,8.635,3.0
287,2022-07-13 14:00:00,1165.0,430.5,18.939999,501.0,5.7,4.0
289,2022-07-13 15:00:00,1417.0,693.0,18.744999,831.0,5.84,4.0
296,2022-07-13 15:00:00,1494.0,345.5,17.33,478.0,11.245,3.0
299,2022-07-13 16:00:00,1289.0,428.5,14.97,554.5,8.34,3.0
301,2022-07-13 16:00:00,1417.0,521.5,18.24,660.0,7.39,4.0
304,2022-07-13 17:00:00,1292.0,709.5,17.365002,825.0,5.645,4.0
306,2022-07-13 17:00:00,571.0,145.0,21.385,198.0,10.36,3.0
312,2022-07-13 18:00:00,571.0,164.5,21.435001,216.5,9.559999,3.0
313,2022-07-13 18:00:00,850.0,531.0,17.6,600.0,5.52,4.0
318,2022-07-13 19:00:00,1420.0,624.5,16.855,750.5,6.8,4.0
320,2022-07-13 20:00:00,556.0,200.5,16.9,249.5,8.0,3.0
322,2022-07-14 08:00:00,599.0,165.0,21.17,223.0,9.64,3.0
324,2022-07-14 08:00:00,1006.0,515.0,20.135,607.0,5.955,4.0
341,2022-07-14 17:00:00,1878.0,889.0,11.525,1057.5,6.315,4.0
342,2022-07-14 18:00:00,1420.0,638.5,14.12,766.0,6.7250004,4.0
349,2022-07-14 18:00:00,1420.0,380.5,14.355,508.0,9.855,3.0
355,2022-07-15 11:00:00,1420.0,676.0,14.35,809.0,6.35,4.0
356,2022-07-15 11:00:00,1289.0,436.5,15.280001,552.0,8.4,3.0
377,2022-07-15 17:00:00,939.5,343.0,20.0,425.5,7.9350004,3.0
378,2022-07-15 17:00:00,1333.0,528.0,18.75,645.0,7.43,4.0
380,2022-07-15 18:00:00,1420.0,474.0,17.42,602.0,8.49,3.0
383,2022-07-15 18:00:00,1420.0,602.0,17.43,730.0,7.0,4.0
395,2022-07-15 19:00:00,850.0,284.0,19.38,365.0,8.37,3.0
396,2022-07-15 19:00:00,1420.0,725.0,19.244999,853.0,6.19,4.0
405,2022-07-15 20:00:00,668.0,157.0,23.26,215.0,11.18,3.0
406,2022-07-15 20:00:00,1147.0,656.5,20.75,769.0,4.27,4.0
409,2022-07-15 21:00:00,1328.0,312.0,22.59,427.0,11.27,3.0
410,2022-07-15 21:00:00,1165.0,498.0,21.51,604.0,6.97,4.0
413,2022-07-15 22:00:00,752.0,243.0,24.09,313.0,8.63,3.0
419,2022-07-16 10:00:00,1420.0,1053.5,12.11,1181.0,4.32,4.0
422,2022-07-16 11:00:00,1242.0,429.0,13.19,551.0,8.1,3.0
423,2022-07-16 11:00:00,1242.0,705.0,11.83,817.0,5.93,4.0
432,2022-07-16 12:00:00,1399.0,705.5,15.03,805.0,4.91,4.0
441,2022-07-16 12:00:00,1454.0,404.5,13.155,532.0,9.82,3.0
457,2022-07-16 13:00:00,1417.0,1093.0,15.75,1233.5,4.4049997,4.0
486,2022-07-16 14:00:00,1418.0,513.0,11.705,639.0,7.98,3.0
487,2022-07-16 14:00:00,1257.0,922.0,13.23,1032.0,4.54,4.0
510,2022-07-16 15:00:00,1069.0,1208.0,18.13,1321.0,3.42,4.0
522,2022-07-16 15:00:00,1096.0,371.0,16.09,477.0,8.06,3.0
551,2022-07-16 16:00:00,938.0,318.5,12.61,408.5,8.48,3.0
552,2022-07-16 16:00:00,1218.0,974.0,13.93,1124.0,4.0,4.0
572,2022-07-16 17:00:00,1069.0,328.0,14.335,425.0,9.26,3.0
575,2022-07-16 17:00:00,1712.0,796.0,13.76,973.0,5.31,4.0
583,2022-07-16 18:00:00,1328.0,989.5,13.595,1042.0,4.62,4.0
593,2022-07-16 19:00:00,1911.0,529.0,15.21,722.0,9.514999,3.0
594,2022-07-16 19:00:00,1214.0,489.0,21.015,609.0,6.6949997,4.0
598,2022-07-16 20:00:00,1257.0,441.0,18.275,554.0,8.16,3.0
599,2022-07-16 20:00:00,1237.0,765.0,18.404999,902.0,4.73,4.0
602,2022-07-16 21:00:00,1200.0,281.0,21.56,381.0,9.75,3.0
606,2022-07-16 21:00:00,905.0,585.0,20.48,651.0,4.88,4.0
607,2022-07-16 22:00:00,938.0,625.0,26.31,758.0,4.99,4.0
610,2022-07-16 22:00:00,1417.0,346.0,24.485,475.0,9.98,3.0
612,2022-07-16 23:00:00,1417.0,457.0,23.78,594.0,8.58,3.0
614,2022-07-17 09:00:00,1420.0,339.0,17.01,467.0,10.94,3.0
621,2022-07-17 10:00:00,1239.5,856.0,19.48,989.5,4.355,4.0
627,2022-07-17 11:00:00,571.0,206.0,15.285,259.0,7.91,3.0
632,2022-07-17 11:00:00,1417.0,947.0,19.34,1085.0,4.58,4.0
645,2022-07-17 12:00:00,1173.0,1107.5,20.53,1244.5,3.79,4.0
649,2022-07-17 13:00:00,1399.0,467.5,18.135,602.5,8.345,3.0
650,2022-07-17 13:00:00,1417.0,748.0,18.07,882.0,5.29,4.0
675,2022-07-17 14:00:00,1261.0,817.0,19.380001,948.5,4.44,4.0
692,2022-07-17 15:00:00,1242.0,1287.0,17.99,1434.5,3.835,4.0
714,2022-07-17 16:00:00,1218.0,382.0,15.09,499.0,8.77,3.0
715,2022-07-17 16:00:00,1417.0,644.0,16.725,777.5,6.315,4.0
732,2022-07-17 17:00:00,1417.0,418.0,15.75,555.0,9.18,3.0
733,2022-07-17 17:00:00,1242.0,530.0,14.965,651.0,6.615,4.0
756,2022-07-17 18:00:00,1215.0,695.0,14.365,791.5,5.27,4.0
760,2022-07-17 19:00:00,1893.0,865.0,16.91,1034.0,6.59,4.0
779,2022-07-17 22:00:00,1145.0,1201.0,10.13,1300.0,3.16,4.0
782,2022-07-18 06:00:00,670.0,478.0,21.05,543.0,4.45,4.0
784,2022-07-18 07:00:00,1147.0,305.0,19.26,413.0,9.9,3.0
788,2022-07-18 07:00:00,686.0,690.5,15.315001,758.5,3.4450002,4.0
792,2022-07-18 08:00:00,1171.0,680.0,16.55,784.0,5.48,4.0
794,2022-07-18 09:00:00,1170.0,697.5,10.65,821.0,5.645,4.0
799,2022-07-18 09:00:00,1107.0,377.0,14.9,475.0,8.37,3.0
805,2022-07-18 12:00:00,1225.0,737.0,16.43,855.0,5.15,4.0
808,2022-07-18 13:00:00,1417.0,304.0,19.58,427.0,10.98,3.0
809,2022-07-18 13:00:00,1408.0,589.5,18.13,740.0,7.0950003,4.0
810,2022-07-18 14:00:00,1417.0,256.5,20.33,393.5,12.940001,3.0
834,2022-07-19 07:00:00,605.5,469.5,16.51,521.0,4.005,4.0
852,2022-07-19 10:00:00,1165.0,350.5,15.05,460.5,9.13,3.0
853,2022-07-19 10:00:00,1147.0,787.5,9.26,899.0,4.73,4.0
858,2022-07-19 11:00:00,1420.0,520.0,11.13,648.0,8.265,3.0
859,2022-07-19 11:00:00,1765.0,916.0,11.89,1074.0,5.84,4.0
869,2022-07-20 07:00:00,850.0,634.0,18.87,716.0,4.27,4.0
884,2022-07-20 14:00:00,1328.5,931.0,19.71,1069.0,4.2599998,4.0
887,2022-07-20 15:00:00,747.0,1072.0,19.18,1265.0,2.6,4.0
904,2022-07-21 09:00:00,1480.0,486.0,15.49,619.0,8.6,3.0
905,2022-07-21 09:00:00,752.0,589.0,13.31,660.0,4.58,4.0
907,2022-07-21 10:00:00,686.0,304.0,10.46,363.0,6.79,4.0
949,2022-07-23 09:00:00,1420.0,672.0,12.51,797.0,6.04,4.0
950,2022-07-23 09:00:00,1289.0,444.0,11.56,559.0,8.28,3.0
952,2022-07-23 11:00:00,1489.0,728.5,12.15,881.5,6.145,4.0
1008,2022-07-24 11:00:00,1731.0,683.0,10.52,838.0,7.43,3.0
1009,2022-07-24 11:00:00,1885.5,957.0,10.305,1113.5,5.94,4.0
1014,2022-07-24 12:00:00,1893.0,424.0,13.08,593.0,11.48,3.0
1015,2022-07-24 12:00:00,1893.0,861.0,13.53,1032.0,6.48,4.0
1022,2022-07-24 13:00:00,1731.0,924.0,13.35,1088.0,5.86,4.0
1026,2022-07-24 14:00:00,1731.0,951.5,9.29,1102.0,5.79,4.0
1046,2022-07-24 15:00:00,2025.0,1184.0,6.01,1365.0,5.32,4.0
1050,2022-07-24 16:00:00,881.0,231.0,13.84,308.0,10.31,3.0
1051,2022-07-24 16:00:00,1893.0,1399.0,6.54,1558.0,4.29,4.0
1055,2022-07-24 17:00:00,752.0,880.5,9.17,962.5,3.79,4.0
1058,2022-07-24 18:00:00,1291.0,704.5,15.595,834.5,4.8050003,4.0
1061,2022-07-24 18:00:00,1165.0,339.0,16.38,449.0,9.65,3.0
1063,2022-07-24 19:00:00,1480.0,740.5,13.51,875.0,6.135,4.0
1064,2022-07-24 19:00:00,1893.0,337.0,15.530001,506.0,13.455,3.0
1065,2022-07-24 20:00:00,1418.0,679.0,12.99,810.0,6.185,4.0
1067,2022-07-24 20:00:00,1480.0,555.0,12.9,688.0,7.74,3.0
1071,2022-07-25 06:00:00,542.0,746.0,24.23,796.0,2.5700002,4.0
1078,2022-07-25 07:00:00,598.0,610.0,20.68,679.0,3.92,4.0
1084,2022-07-25 08:00:00,1420.0,744.0,17.98,871.0,5.86,4.0
1085,2022-07-25 08:00:00,619.0,177.0,14.91,241.5,9.18,3.0
1089,2022-07-25 09:00:00,1025.5,627.5,12.085,718.5,5.11,4.0
1091,2022-07-25 11:00:00,1454.0,626.0,16.28,754.0,6.93,4.0
1094,2022-07-25 12:00:00,1454.0,442.0,16.38,570.0,9.17,4.0
1096,2022-07-25 13:00:00,687.0,567.0,19.11,633.0,4.09,4.0
1101,2022-07-25 14:00:00,1230.0,327.0,20.25,443.5,10.139999,3.0
1102,2022-07-25 14:00:00,1160.0,541.0,19.17,634.0,6.365,4.0
1104,2022-07-25 15:00:00,1160.0,549.0,22.95,654.0,5.22,4.0
1109,2022-07-25 15:00:00,1164.5,448.5,22.6,552.5,7.5950003,3.0
1110,2022-07-25 16:00:00,1194.0,817.0,16.82,923.0,4.52,4.0
1117,2022-07-25 17:00:00,849.0,883.0,11.86,957.0,3.0,4.0
1127,2022-07-25 18:00:00,1893.0,536.0,20.45,705.0,9.65,3.0
1128,2022-07-25 18:00:00,1509.5,879.0,15.305,1013.0,5.4449997,4.0
1134,2022-07-25 19:00:00,1893.0,523.0,20.64,692.0,9.84,3.0
1135,2022-07-25 19:00:00,1141.0,430.0,23.92,529.0,7.75,4.0
1138,2022-07-26 07:00:00,1417.0,433.0,21.14,569.0,8.684999,3.0
1139,2022-07-26 07:00:00,1281.0,517.0,21.205,638.5,7.535,4.0
1141,2022-07-26 08:00:00,1417.0,180.5,20.470001,318.5,16.0,2.0
1142,2022-07-26 08:00:00,1417.0,231.0,21.244999,368.0,13.245001,3.0
1147,2022-07-26 09:00:00,1420.0,995.0,8.754999,1125.0,4.545,4.0
1149,2022-07-26 10:00:00,1420.0,692.0,8.45,822.0,6.13,4.0
1158,2022-07-26 14:00:00,725.0,139.0,18.6,207.0,12.58,3.0
1159,2022-07-26 14:00:00,1165.0,530.0,19.34,641.0,6.49,4.0
1160,2022-07-26 15:00:00,1224.0,416.0,20.12,540.0,8.15,3.0
1162,2022-07-26 15:00:00,1224.0,536.0,19.465,662.0,6.33,4.0
1168,2022-07-26 16:00:00,1165.0,493.5,20.275002,604.0,6.0699997,4.0
1172,2022-07-26 16:00:00,1417.0,324.0,19.965,462.0,10.665,3.0
1199,2022-07-27 07:00:00,1117.0,311.0,19.23,417.0,9.655,3.0
1202,2022-07-27 07:00:00,850.0,549.0,19.91,633.0,4.86,4.0
1208,2022-07-27 13:00:00,1147.0,671.0,16.43,782.0,5.27,4.0
1210,2022-07-27 14:00:00,981.0,252.0,16.37,322.0,10.22,3.0
1211,2022-07-27 14:00:00,1147.0,615.0,16.06,723.0,5.85,4.0
1214,2022-07-27 15:00:00,1893.0,464.0,18.11,594.0,9.9,3.0
1219,2022-07-27 15:00:00,1420.0,653.0,16.23,770.0,5.5,4.0
1222,2022-07-27 16:00:00,787.0,450.0,13.365,526.0,5.605,4.0
1224,2022-07-27 17:00:00,604.0,103.0,26.9,157.0,13.84,3.0
1227,2022-07-27 17:00:00,1580.0,854.5,14.049999,996.0,5.65,4.0
1231,2022-07-27 18:00:00,1420.0,430.0,15.71,559.0,10.97,3.0
1232,2022-07-27 18:00:00,1107.0,674.0,14.48,753.0,4.62,4.0
1237,2022-07-28 06:00:00,1152.0,691.0,18.51,774.0,5.93,4.0
1239,2022-07-28 06:00:00,850.0,213.0,22.29,299.0,10.2,3.0
1244,2022-07-28 07:00:00,578.0,93.0,24.51,155.0,13.39,2.0
1245,2022-07-28 07:00:00,1173.0,269.0,18.21,383.0,9.97,3.0
1246,2022-07-28 07:00:00,1051.0,677.0,16.62,777.0,4.82,4.0
1252,2022-07-28 14:00:00,1408.0,715.0,18.835,843.0,5.575,4.0
1255,2022-07-28 14:00:00,1920.0,228.0,20.04,422.0,16.2,2.0
1256,2022-07-28 14:00:00,1920.0,372.0,19.535,566.5,11.865,3.0
1258,2022-07-28 15:00:00,1471.0,362.0,19.59,515.0,10.31,3.0
1261,2022-07-28 15:00:00,1420.0,720.0,15.12,847.0,6.02,4.0
1264,2022-07-28 16:00:00,1257.0,371.0,16.195,483.5,9.29,3.0
1265,2022-07-28 16:00:00,1333.0,767.0,15.475,880.0,6.38,4.0
1266,2022-07-28 17:00:00,1043.0,326.5,16.045,417.5,8.975,4.0
1267,2022-07-28 17:00:00,1257.0,376.0,13.04,489.0,9.17,3.0
1270,2022-07-28 18:00:00,976.0,541.0,12.23,616.5,6.58,4.0
1271,2022-07-28 18:00:00,1289.0,507.0,13.12,622.0,7.74,3.0
1275,2022-07-29 07:00:00,1417.0,451.5,21.04,589.5,8.645,3.0
1276,2022-07-29 07:00:00,1282.0,687.5,20.175,790.5,5.225,4.0
1277,2022-07-29 10:00:00,1194.0,731.0,11.62,831.5,5.49,4.0
1278,2022-07-29 11:00:00,976.0,330.0,15.57,417.0,7.68,3.0
1279,2022-07-29 11:00:00,1147.0,735.5,15.39,843.5,4.745,4.0
1281,2022-07-29 12:00:00,976.0,316.0,16.36,403.0,8.71,3.0
1283,2022-07-29 13:00:00,1006.0,685.0,15.31,775.0,4.98,4.0
1285,2022-07-29 14:00:00,850.0,227.5,13.26,309.0,9.835,3.0
1286,2022-07-29 14:00:00,1420.0,644.0,12.8,772.0,6.61,4.0
1287,2022-07-29 15:00:00,1289.0,564.5,18.279999,678.0,6.82,4.0
1288,2022-07-29 15:00:00,1420.0,491.0,18.04,616.0,8.32,3.0
1289,2022-07-29 16:00:00,878.0,672.0,15.13,763.0,5.25,4.0
1290,2022-07-29 16:00:00,1731.0,416.0,18.88,571.0,10.35,3.0
1294,2022-07-29 17:00:00,1050.0,368.0,19.89,474.0,8.21,3.0
1295,2022-07-29 17:00:00,1050.0,925.0,18.7,1040.0,3.99,4.0
1296,2022-07-29 18:00:00,1225.0,370.0,19.5,451.0,8.425,3.0
1297,2022-07-29 18:00:00,1194.0,731.0,19.08,869.0,5.21,4.0
1310,2022-07-29 19:00:00,1257.0,883.0,18.9,1001.5,4.52,4.0
1311,2022-07-29 19:00:00,1198.0,340.0,18.82,439.5,8.55,3.0
1333,2022-07-29 21:00:00,2025.0,1253.0,20.78,1434.0,5.07,4.0
1340,2022-07-29 22:00:00,1045.0,258.0,25.435001,349.5,11.825,3.0
1341,2022-07-29 22:00:00,971.0,395.0,26.84,478.0,7.54,4.0
1379,2022-07-30 11:00:00,1731.0,687.5,9.690001,843.0,7.385,3.0
1380,2022-07-30 11:00:00,1417.0,887.0,10.71,1020.0,4.91,4.0
1382,2022-07-30 12:00:00,1417.0,799.0,11.35,904.0,4.82,4.0
1383,2022-07-30 12:00:00,915.0,335.0,14.23,415.0,7.96,3.0
1392,2022-07-30 13:00:00,1893.0,514.0,15.09,683.0,9.97,3.0
1393,2022-07-30 13:00:00,1417.0,797.0,11.85,945.0,5.62,4.0
1404,2022-07-30 14:00:00,1237.0,760.5,13.705,831.0,5.265,4.0
1408,2022-07-30 14:00:00,1417.0,489.0,11.66,627.0,8.12,3.0
1421,2022-07-30 15:00:00,1417.0,1059.0,11.73,1228.0,4.13,4.0
1425,2022-07-30 16:00:00,861.0,221.0,19.85,315.0,9.81,3.0
1426,2022-07-30 16:00:00,1225.0,1124.0,13.31,1253.0,3.25,4.0
1437,2022-07-30 17:00:00,1225.0,662.0,13.77,814.0,5.2,4.0
1438,2022-07-30 17:00:00,1242.0,427.0,14.53,553.0,8.08,3.0
1452,2022-07-30 18:00:00,1731.0,562.0,12.68,721.0,8.02,3.0
1454,2022-07-30 18:00:00,1399.0,949.0,12.6,1076.0,4.74,4.0
1464,2022-07-30 19:00:00,742.0,1622.0,15.275,1717.0,2.23,4.0
1472,2022-07-30 20:00:00,1173.0,315.0,19.185,403.0,10.205,3.0
1473,2022-07-30 20:00:00,1069.0,880.5,16.4,960.5,3.585,4.0
1490,2022-07-30 21:00:00,1165.0,224.0,19.07,336.0,12.44,3.0
1491,2022-07-30 21:00:00,1417.0,911.0,18.83,1030.0,4.83,4.0
1500,2022-07-30 22:00:00,1399.0,178.0,23.68,313.0,16.04,2.0
1501,2022-07-30 22:00:00,1417.0,470.5,23.31,608.5,8.61,3.0
1502,2022-07-30 22:00:00,1417.0,720.0,21.849998,907.0,6.94,4.0
1507,2022-07-31 09:00:00,1420.0,530.5,12.365,657.5,7.7650003,3.0
1510,2022-07-31 09:00:00,1169.0,1020.0,12.555,1145.0,4.09,4.0
1514,2022-07-31 10:00:00,1175.0,345.0,12.559999,448.0,9.43,3.0
1515,2022-07-31 10:00:00,1417.0,1009.0,15.615,1152.0,4.52,4.0
1523,2022-07-31 11:00:00,1242.0,343.0,14.81,469.0,9.53,3.0
1524,2022-07-31 11:00:00,1489.0,1057.0,14.45,1238.0,4.89,4.0
1528,2022-07-31 12:00:00,2025.0,498.0,13.19,679.0,10.73,3.0
1529,2022-07-31 12:00:00,1420.0,932.5,14.03,1060.0,4.8500004,4.0
1539,2022-07-31 13:00:00,1417.0,1166.0,13.81,1333.0,4.78,4.0
1549,2022-07-31 14:00:00,1242.0,414.0,14.98,539.0,8.28,3.0
1550,2022-07-31 14:00:00,1417.0,1268.0,16.240002,1410.0,3.6350002,4.0
1558,2022-07-31 15:00:00,1417.0,443.5,15.655,581.0,8.620001,3.0
1559,2022-07-31 15:00:00,1417.0,1024.0,12.55,1197.0,5.3,4.0
1570,2022-07-31 16:00:00,725.0,529.0,15.62,613.0,4.98,4.0
1578,2022-07-31 17:00:00,1165.0,905.0,14.44,1019.0,4.41,4.0
1580,2022-07-31 17:00:00,973.0,338.0,15.48,428.5,8.165,3.0
1586,2022-07-31 18:00:00,1165.0,302.5,16.66,416.5,10.425,3.0
1587,2022-07-31 18:00:00,1417.0,1128.0,14.93,1255.0,4.08,4.0
1593,2022-07-31 19:00:00,1257.0,758.0,15.08,886.0,5.37,4.0
1594,2022-07-31 19:00:00,994.0,223.0,17.44,333.0,11.3,3.0
1599,2022-07-31 20:00:00,1878.0,432.0,17.94,570.0,9.01,3.0
1600,2022-07-31 20:00:00,1580.0,758.0,16.64,866.0,5.99,4.0
1601,2022-07-31 21:00:00,697.0,196.0,18.88,256.0,11.18,3.0
1602,2022-07-31 21:00:00,850.0,589.0,18.915,667.0,5.01,4.0
1603,2022-07-31 22:00:00,1731.0,228.0,21.84,384.0,16.21,2.0
1604,2022-07-31 22:00:00,687.0,241.5,11.184999,302.5,8.219999,3.0
1609,2022-08-01 06:00:00,827.5,491.0,19.5,561.0,6.315,4.0
1610,2022-08-01 07:00:00,1127.0,588.5,17.175,680.5,4.725,4.0
1616,2022-08-01 07:00:00,857.5,209.0,19.045,290.0,11.025,3.0
1627,2022-08-01 10:00:00,1765.0,648.0,12.425,807.0,7.87,3.0
1629,2022-08-01 10:00:00,1765.0,809.5,12.145,950.5,5.79,4.0
1631,2022-08-01 11:00:00,1420.0,509.0,10.745,630.0,8.08,3.0
1633,2022-08-01 11:00:00,922.0,507.0,10.46,605.0,7.01,4.0
1634,2022-08-01 12:00:00,1731.0,339.0,18.94,471.0,10.2,3.0
1635,2022-08-01 12:00:00,1399.0,790.0,15.11,943.0,4.57,4.0
1636,2022-08-01 13:00:00,1399.0,606.5,18.580002,737.5,6.54,4.0
1637,2022-08-01 13:00:00,1420.0,378.0,19.99,505.0,9.46,3.0
1638,2022-08-01 14:00:00,1417.0,746.0,20.62,820.0,5.38,4.0
1639,2022-08-01 14:00:00,1203.5,311.0,19.915,431.0,10.255,3.0
1640,2022-08-01 15:00:00,1731.0,322.5,23.675,455.5,12.62,3.0
1641,2022-08-01 15:00:00,1223.0,763.0,20.39,874.0,4.16,4.0
1642,2022-08-01 16:00:00,905.5,240.0,19.395,320.0,10.25,3.0
1645,2022-08-01 16:00:00,1417.0,1035.0,18.72,1172.0,4.36,4.0
1654,2022-08-01 17:00:00,1175.0,329.5,18.53,432.0,9.77,3.0
1656,2022-08-01 17:00:00,1175.0,791.0,16.91,853.5,4.3500004,4.0
1664,2022-08-01 18:00:00,1731.0,394.0,15.2,550.0,11.25,3.0
1665,2022-08-01 18:00:00,1225.0,631.0,18.77,741.0,5.85,4.0
1669,2022-08-01 19:00:00,1257.0,407.5,23.32,520.5,8.684999,3.0
1670,2022-08-01 19:00:00,1225.0,724.0,19.61,850.0,4.85,4.0
1671,2022-08-01 20:00:00,1218.0,407.0,20.28,517.0,8.24,3.0
1672,2022-08-01 20:00:00,1417.0,764.0,20.244999,920.0,6.52,4.0
1675,2022-08-02 06:00:00,1173.0,546.0,18.53,660.0,6.39,4.0
1685,2022-08-02 07:00:00,605.5,599.0,17.16,654.0,3.85,4.0
1695,2022-08-02 14:00:00,1147.0,235.0,20.35,322.5,10.690001,3.0
1696,2022-08-02 14:00:00,1257.0,611.0,19.72,728.0,5.48,4.0
1700,2022-08-02 15:00:00,1242.0,742.0,20.51,865.0,5.53,4.0
1701,2022-08-02 15:00:00,512.0,174.0,19.75,227.0,8.1,3.0
1709,2022-08-02 16:00:00,1273.0,506.0,19.2,625.0,7.05,4.0
1710,2022-08-02 16:00:00,1498.5,355.5,19.115,496.5,10.58,3.0
1713,2022-08-02 17:00:00,1022.0,565.5,16.97,659.5,5.6899996,4.0
1716,2022-08-02 17:00:00,501.0,192.0,15.48,239.0,7.53,3.0
1728,2022-08-02 18:00:00,1420.0,620.0,16.72,749.0,6.81,4.0
1729,2022-08-02 18:00:00,1420.0,350.0,17.94,479.0,9.78,3.0
1734,2022-08-03 10:00:00,1765.0,659.5,11.059999,820.0,7.745,3.0
1735,2022-08-03 10:00:00,1417.0,675.5,12.49,814.5,6.7349997,4.0
1737,2022-08-03 11:00:00,882.0,300.5,12.594999,378.5,8.26,3.0
1738,2022-08-03 11:00:00,1107.0,614.0,12.76,697.0,5.93,4.0
1749,2022-08-03 12:00:00,1501.5,591.0,13.87,719.5,6.63,4.0
1750,2022-08-03 12:00:00,1420.0,452.0,14.59,593.0,8.88,3.0
1753,2022-08-03 13:00:00,1608.5,428.0,17.72,586.5,9.585,3.0
1754,2022-08-03 13:00:00,1420.0,613.0,16.04,761.0,6.76,4.0
1756,2022-08-03 14:00:00,1417.0,361.5,16.720001,501.0,9.66,3.0
1757,2022-08-03 14:00:00,994.0,662.0,18.36,780.5,5.0,4.0
1759,2022-08-03 15:00:00,1160.0,613.5,20.08,728.5,4.635,4.0
1762,2022-08-03 16:00:00,1546.5,422.5,17.79,577.0,9.200001,3.0
1763,2022-08-03 16:00:00,930.0,507.5,20.01,599.0,5.74,4.0
1765,2022-08-03 17:00:00,1221.5,568.0,17.985,663.5,5.28,4.0
1770,2022-08-03 17:00:00,1165.0,249.5,17.875,361.0,9.79,3.0
1772,2022-08-03 18:00:00,1056.5,728.0,14.665,801.0,4.525,4.0
1775,2022-08-03 18:00:00,998.0,375.0,17.22,469.0,8.07,3.0
1782,2022-08-04 06:00:00,994.0,558.0,20.04,655.0,5.46,4.0
1785,2022-08-04 07:00:00,1399.0,579.0,18.68,716.0,6.84,4.0
1789,2022-08-04 07:00:00,1165.0,370.0,18.36,483.0,8.72,3.0
1791,2022-08-04 10:00:00,1107.0,666.0,11.1,766.0,5.25,4.0
1797,2022-08-04 11:00:00,994.0,1002.0,13.35,1095.0,3.26,4.0
1798,2022-08-04 12:00:00,1417.0,430.0,14.97,569.0,8.52,3.0
1799,2022-08-04 12:00:00,1289.0,654.0,15.9,763.0,5.71,4.0
1801,2022-08-04 13:00:00,1765.0,479.5,22.94,608.5,9.3,3.0
1802,2022-08-04 13:00:00,1420.0,588.0,21.36,717.0,7.09,4.0
1804,2022-08-04 14:00:00,1257.0,859.0,20.62,972.0,4.83,4.0
1805,2022-08-04 14:00:00,850.0,335.0,21.7,415.0,7.72,3.0
1807,2022-08-04 15:00:00,1257.0,496.0,19.07,611.0,7.39,3.0
1808,2022-08-04 15:00:00,1417.0,824.5,20.064999,963.5,5.24,4.0
1813,2022-08-04 16:00:00,973.0,299.0,17.6,392.0,8.92,3.0
1814,2022-08-04 16:00:00,1165.0,656.0,18.095001,762.0,4.5950003,4.0
1818,2022-08-04 17:00:00,850.0,257.0,18.04,338.0,8.35,3.0
1819,2022-08-04 17:00:00,1257.0,629.0,14.195,758.0,5.6549997,4.0
1823,2022-08-04 18:00:00,1420.0,318.0,15.365,447.0,11.41,3.0
1824,2022-08-04 18:00:00,928.0,661.0,13.73,753.0,3.975,4.0
1829,2022-08-05 06:00:00,812.0,557.0,22.05,637.0,4.61,4.0
1830,2022-08-05 06:00:00,1173.0,369.0,20.0,483.0,8.74,3.0
1835,2022-08-05 07:00:00,1165.0,309.0,20.0,422.0,9.93,3.0
1836,2022-08-05 07:00:00,1165.0,495.0,19.67,591.0,6.78,4.0
1841,2022-08-05 10:00:00,752.0,618.0,16.11,688.0,3.93,4.0
1842,2022-08-05 11:00:00,1418.5,979.5,16.255001,1079.5,4.425,4.0
1847,2022-08-05 12:00:00,1417.0,163.0,22.73,302.0,16.85,2.0
1848,2022-08-05 12:00:00,1420.0,303.0,22.96,422.0,10.5,3.0
1849,2022-08-05 12:00:00,1417.0,632.0,20.13,761.0,5.9,4.0
1884,2022-08-06 12:00:00,752.0,354.0,11.57,425.0,6.26,4.0
1895,2022-08-06 13:00:00,1765.0,533.0,16.67,695.0,9.67,3.0
1896,2022-08-06 13:00:00,1765.0,756.0,15.83,916.0,6.93,4.0
1906,2022-08-06 14:00:00,1580.0,270.0,16.5,412.0,13.8,3.0
1956,2022-08-06 18:00:00,1731.0,615.5,13.575001,773.0,8.055,3.0
1957,2022-08-06 18:00:00,998.0,563.0,16.83,652.0,5.5,4.0
1968,2022-08-06 19:00:00,1731.0,658.0,16.77,815.0,7.64,3.0
1969,2022-08-06 19:00:00,1258.5,651.5,16.165,767.0,5.67,4.0
1975,2022-08-06 20:00:00,1893.0,869.5,17.630001,1040.5,6.55,4.0
1980,2022-08-06 20:00:00,1765.0,673.5,17.135,833.5,7.61,3.0
1991,2022-08-07 08:00:00,1420.0,599.0,19.0,728.0,7.02,4.0
1992,2022-08-07 08:00:00,1420.0,523.0,18.38,652.0,7.83,3.0
1994,2022-08-07 09:00:00,1420.0,728.0,14.47,857.0,5.49,4.0
1995,2022-08-07 09:00:00,1420.0,433.5,17.145,562.5,9.075,3.0
1998,2022-08-07 10:00:00,1417.0,1111.0,19.52,1225.0,4.12,4.0
1999,2022-08-07 10:00:00,998.0,276.5,13.469999,366.0,9.74,3.0
2001,2022-08-07 11:00:00,1417.0,866.0,13.7,1024.5,5.25,4.0
2009,2022-08-07 12:00:00,1200.0,328.0,19.1,445.0,8.45,3.0
2012,2022-08-07 12:00:00,1399.0,847.5,17.55,1002.5,5.4449997,4.0
2024,2022-08-07 13:00:00,1731.0,529.0,11.38,686.0,9.02,3.0
2025,2022-08-07 13:00:00,1417.0,1117.5,15.764999,1244.0,4.3599997,4.0
2038,2022-08-07 14:00:00,1165.0,360.0,16.42,462.0,8.74,3.0
2039,2022-08-07 14:00:00,1399.0,1055.0,14.9,1184.0,3.67,4.0
2062,2022-08-07 15:00:00,1257.0,480.5,8.595,609.0,7.585,3.0
2063,2022-08-07 15:00:00,1420.0,1185.0,14.09,1308.0,3.645,4.0
2082,2022-08-07 16:00:00,958.0,321.5,18.8,419.0,8.32,3.0
2083,2022-08-07 16:00:00,1225.0,1014.0,16.77,1104.0,3.63,4.0
2115,2022-08-07 17:00:00,1417.0,819.0,16.5,948.0,5.23,4.0
2120,2022-08-07 17:00:00,675.0,199.0,19.78,270.0,8.73,3.0
2129,2022-08-07 18:00:00,1147.0,1158.0,13.105,1285.0,3.44,4.0
2140,2022-08-07 19:00:00,1237.0,990.0,19.69,1091.0,3.44,4.0
2141,2022-08-07 20:00:00,1458.0,1101.0,13.53,1233.0,4.21,4.0
2144,2022-08-07 21:00:00,1417.0,692.0,20.89,856.0,6.69,4.0
2145,2022-08-07 21:00:00,987.0,185.0,23.075,282.0,12.085,3.0
2146,2022-08-07 22:00:00,1288.5,335.0,19.06,439.0,9.55,3.0
2147,2022-08-07 22:00:00,1417.0,157.0,24.05,296.0,16.86,2.0
2148,2022-08-07 22:00:00,1257.0,566.0,17.86,680.0,6.65,4.0
2149,2022-08-08 06:00:00,725.0,642.0,16.24,704.0,3.87,4.0
2151,2022-08-08 06:00:00,687.0,239.0,13.23,300.0,8.22,3.0
2152,2022-08-08 07:00:00,1374.0,1167.0,18.150002,1286.0,4.26,4.0
2158,2022-08-08 07:00:00,1257.0,300.0,17.27,416.0,10.87,3.0
2166,2022-08-08 11:00:00,1420.0,534.5,12.055,663.5,7.7,3.0
2168,2022-08-08 11:00:00,1420.0,639.0,11.93,767.0,6.73,4.0
2171,2022-08-08 13:00:00,1225.0,569.5,18.84,708.0,7.075,4.0
2172,2022-08-08 13:00:00,1417.0,335.5,18.865,475.0,10.74,3.0
2174,2022-08-08 14:00:00,878.0,540.0,20.02,661.0,6.64,4.0
2176,2022-08-08 14:00:00,994.0,287.0,19.59,404.0,8.71,3.0
2177,2022-08-08 15:00:00,1408.0,605.0,20.37,734.0,6.245,4.0
2178,2022-08-08 15:00:00,1289.0,398.0,20.54,527.0,8.5,3.0
2179,2022-08-08 16:00:00,850.0,387.0,20.45,468.0,6.53,4.0
2182,2022-08-08 16:00:00,1731.0,361.5,19.64,522.0,11.370001,3.0
2188,2022-08-08 17:00:00,1765.0,627.0,15.26,787.0,8.07,3.0
2189,2022-08-08 17:00:00,687.0,514.0,13.64,575.0,4.56,4.0
2198,2022-08-08 18:00:00,915.0,317.0,14.43,434.0,7.48,3.0
2199,2022-08-08 18:00:00,1113.0,519.0,16.805,619.0,6.5299997,4.0
2205,2022-08-09 06:00:00,1238.0,639.5,20.265,758.0,6.045,4.0
2207,2022-08-09 06:00:00,1147.0,379.0,20.27,489.0,8.43,3.0
2208,2022-08-09 07:00:00,973.0,345.0,20.18,438.0,8.62,3.0
2212,2022-08-09 07:00:00,742.0,831.0,19.99,881.0,2.85,4.0
2219,2022-08-09 13:00:00,951.5,488.5,19.0,580.0,6.675,4.0
2220,2022-08-09 13:00:00,887.0,293.0,18.29,377.0,8.46,3.0
2221,2022-08-09 14:00:00,1257.0,560.5,18.295,678.0,6.455,4.0
2222,2022-08-09 14:00:00,1420.0,478.0,21.29,606.0,8.33,3.0
2226,2022-08-09 15:00:00,1731.0,262.0,22.51,419.0,14.85,2.0
2227,2022-08-09 15:00:00,1237.0,243.0,18.085,372.0,11.295,3.0
2228,2022-08-09 15:00:00,1069.0,646.0,16.84,773.0,6.41,4.0
2230,2022-08-09 16:00:00,1902.0,690.0,17.05,889.0,7.69,4.0
2238,2022-08-09 16:00:00,1920.0,637.0,16.91,838.0,8.24,3.0
2256,2022-08-10 06:00:00,795.0,239.0,18.61,317.0,9.0,3.0
2257,2022-08-10 06:00:00,1225.0,510.0,18.05,633.0,6.95,4.0
2261,2022-08-10 07:00:00,1223.0,298.0,17.83,408.5,10.235,3.0
2262,2022-08-10 07:00:00,1514.0,606.0,18.1,744.0,7.32,4.0
2263,2022-08-10 08:00:00,1893.0,648.0,17.595001,819.0,8.315001,4.0
2264,2022-08-10 08:00:00,1731.0,591.0,17.02,748.0,8.32,3.0
2265,2022-08-10 09:00:00,1765.0,823.0,10.17,983.0,6.45,4.0
2266,2022-08-10 09:00:00,964.0,325.5,10.605,410.5,8.43,3.0
2267,2022-08-10 10:00:00,1257.0,710.0,10.76,836.0,6.27,4.0
2268,2022-08-10 11:00:00,1420.0,475.0,11.52,617.0,7.87,3.0
2269,2022-08-10 11:00:00,1445.5,786.5,12.610001,918.5,5.29,4.0
2270,2022-08-10 12:00:00,1032.0,304.5,13.725,401.5,8.245001,3.0
2272,2022-08-10 12:00:00,764.0,503.5,15.66,596.5,6.68,4.0
2273,2022-08-10 13:00:00,1257.0,921.0,16.5,1001.0,4.22,4.0
2274,2022-08-10 13:00:00,1417.0,317.0,16.595001,462.0,11.08,3.0
2275,2022-08-10 14:00:00,1878.0,748.0,16.35,917.0,7.36,3.0
2276,2022-08-10 14:00:00,1257.0,762.0,14.99,908.0,4.53,4.0
2279,2022-08-10 15:00:00,1165.0,878.0,14.7,1021.0,4.53,4.0
2280,2022-08-10 15:00:00,1465.0,405.0,15.934999,534.5,9.785,3.0
2283,2022-08-10 16:00:00,1223.0,397.0,12.1,508.0,8.66,3.0
2284,2022-08-10 16:00:00,1420.0,780.0,11.935,911.0,5.855,4.0
2292,2022-08-10 17:00:00,1920.0,782.0,16.98,983.0,6.85,4.0
2294,2022-08-10 17:00:00,1575.0,290.0,20.61,453.0,12.5,3.0
2339,2022-08-11 07:00:00,1218.0,369.0,17.93,490.0,8.93,3.0
2340,2022-08-11 07:00:00,1328.0,624.5,19.73,762.0,4.5150003,4.0
2341,2022-08-11 08:00:00,587.0,528.5,19.795,586.5,4.0,4.0
2342,2022-08-11 09:00:00,1731.0,586.0,16.4,744.0,8.37,3.0
2343,2022-08-11 09:00:00,801.0,508.5,17.650002,588.5,5.3050003,4.0
2344,2022-08-11 10:00:00,1420.0,591.5,12.969999,720.5,7.02,4.0
2345,2022-08-11 10:00:00,1575.5,455.0,13.97,593.0,8.42,3.0
2346,2022-08-11 11:00:00,1420.0,795.0,14.33,924.0,5.52,4.0
2347,2022-08-11 11:00:00,1420.0,485.0,14.9,614.0,8.32,3.0
2349,2022-08-11 12:00:00,1420.0,499.0,16.02,628.0,9.0,3.0
2352,2022-08-11 13:00:00,1165.0,334.0,16.84,461.0,9.93,3.0
2353,2022-08-11 13:00:00,1165.0,596.0,16.17,710.0,6.42,4.0
2356,2022-08-11 14:00:00,1155.0,281.0,16.91,395.0,10.22,3.0
2357,2022-08-11 14:00:00,1420.0,655.0,16.115,785.5,6.505,4.0
2365,2022-08-11 18:00:00,1731.0,482.0,16.19,639.0,9.63,3.0
2366,2022-08-11 18:00:00,1257.0,612.0,12.06,693.0,5.1,4.0
2378,2022-08-12 11:00:00,1480.0,561.0,16.63,695.0,7.74,3.0
2379,2022-08-12 11:00:00,1420.0,810.5,12.705,939.5,5.435,4.0
2380,2022-08-12 12:00:00,863.5,438.5,16.05,519.0,6.115,4.0
2381,2022-08-12 12:00:00,1107.0,259.0,19.01,352.0,7.55,3.0
2382,2022-08-12 13:00:00,1408.0,553.0,18.86,694.5,7.26,4.0
2383,2022-08-12 13:00:00,1417.0,410.0,18.205,534.5,8.865,3.0
2384,2022-08-12 14:00:00,1420.0,713.0,11.955,843.0,6.0550003,4.0
2387,2022-08-12 14:00:00,938.0,330.5,14.46,411.5,8.54,3.0
2388,2022-08-12 15:00:00,752.0,299.0,13.16,370.0,7.3,3.0
2389,2022-08-12 15:00:00,1134.0,784.0,16.1,885.0,4.075,4.0
2390,2022-08-12 16:00:00,571.0,232.0,18.46,285.0,7.28,3.0
2391,2022-08-12 16:00:00,1417.0,820.0,17.88,961.0,5.24,4.0
2393,2022-08-12 17:00:00,567.0,137.5,17.56,193.5,10.525,3.0
2397,2022-08-12 17:00:00,1043.0,653.0,18.07,760.0,6.01,4.0
2402,2022-08-12 18:00:00,710.5,204.0,16.505001,285.0,8.88,3.0
2405,2022-08-12 18:00:00,994.0,782.0,19.24,862.0,4.31,4.0
2417,2022-08-12 19:00:00,2025.0,675.0,20.27,857.0,8.49,4.0
2418,2022-08-12 19:00:00,2025.0,599.0,20.33,782.0,9.31,3.0
2426,2022-08-13 09:00:00,1420.0,968.0,14.22,1084.0,4.12,4.0
2429,2022-08-13 10:00:00,1417.0,832.0,12.16,970.0,5.18,4.0
2430,2022-08-13 10:00:00,1420.0,484.0,10.97,613.0,8.33,3.0
2433,2022-08-13 11:00:00,1322.0,1011.0,10.155,1132.0,4.02,4.0
2434,2022-08-13 11:00:00,1160.0,323.0,12.370001,425.5,9.8,3.0
2440,2022-08-13 12:00:00,1420.0,507.0,10.48,636.0,8.17,3.0
2441,2022-08-13 12:00:00,1420.0,803.5,10.27,964.0,5.22,4.0
2449,2022-08-13 13:00:00,1765.0,523.0,11.56,684.0,9.28,3.0
2450,2022-08-13 13:00:00,1225.0,949.0,11.36,1069.0,3.77,4.0
2457,2022-08-13 14:00:00,1399.0,913.5,12.275,1048.0,4.6549997,4.0
2469,2022-08-13 14:00:00,859.0,141.0,19.69,235.0,13.15,2.0
2470,2022-08-13 14:00:00,1173.0,319.0,14.66,435.5,8.71,3.0
2477,2022-08-13 15:00:00,1218.0,426.0,12.18,546.0,8.02,3.0
2478,2022-08-13 15:00:00,1399.0,1037.0,10.01,1143.0,4.0,4.0
2490,2022-08-13 16:00:00,1394.0,1273.0,8.97,1444.0,3.4,4.0
2508,2022-08-13 17:00:00,1417.0,410.0,10.62,550.0,9.26,3.0
2509,2022-08-13 17:00:00,1417.0,1011.0,11.07,1151.0,3.94,4.0
2518,2022-08-13 18:00:00,1195.0,271.0,13.82,394.0,9.99,3.0
2519,2022-08-13 18:00:00,973.0,983.5,9.645,1096.5,2.98,4.0
2526,2022-08-13 19:00:00,1173.0,621.0,13.28,714.0,4.93,4.0
2528,2022-08-13 19:00:00,1173.0,363.0,14.39,476.0,8.825001,3.0
2529,2022-08-13 20:00:00,850.0,228.0,15.92,310.0,9.87,3.0
2538,2022-08-13 20:00:00,1257.0,905.0,12.85,1020.0,4.43,4.0
2542,2022-08-13 21:00:00,1109.0,654.5,19.220001,732.5,4.09,4.0
2543,2022-08-13 22:00:00,1013.0,151.0,26.53,241.0,15.02,2.0
2546,2022-08-13 22:00:00,1829.0,882.0,22.43,1059.5,5.37,4.0
2547,2022-08-13 22:00:00,1765.0,471.5,24.04,638.5,9.809999,3.0
2548,2022-08-13 23:00:00,1902.0,772.0,20.26,966.0,6.41,4.0
2549,2022-08-13 23:00:00,1420.0,306.0,21.19,433.0,12.47,3.0
2550,2022-08-14 08:00:00,1420.0,888.0,12.79,1017.0,5.02,4.0
2551,2022-08-14 09:00:00,1420.0,1016.5,10.514999,1145.0,4.47,4.0
2557,2022-08-14 10:00:00,2025.0,1190.0,8.24,1365.0,5.3,4.0
2558,2022-08-14 11:00:00,1878.0,1162.0,7.365,1333.0,5.08,4.0
2565,2022-08-14 13:00:00,1712.0,1041.5,8.165,1195.5,5.085,4.0
2570,2022-08-14 14:00:00,1454.0,946.0,9.01,1078.0,4.67,4.0
2575,2022-08-14 15:00:00,752.0,302.0,9.81,373.0,7.24,3.0
2576,2022-08-14 15:00:00,834.5,821.5,10.135,904.5,3.3200002,4.0
2579,2022-08-14 16:00:00,692.0,610.0,11.809999,680.0,3.82,4.0
2586,2022-08-14 17:00:00,850.0,898.0,8.03,1008.0,2.99,4.0
2594,2022-08-14 17:00:00,571.0,228.0,11.94,282.0,7.28,3.0
2598,2022-08-14 18:00:00,1920.0,508.0,12.715,703.0,9.725,3.0
2599,2022-08-14 18:00:00,1051.0,844.0,13.9,928.0,3.97,4.0
2604,2022-08-14 19:00:00,1465.0,1256.0,9.24,1414.0,3.98,4.0
2606,2022-08-14 20:00:00,752.0,657.0,16.5,740.0,4.13,4.0
2608,2022-08-14 20:00:00,533.0,156.0,17.4,206.0,9.29,3.0
2609,2022-08-14 21:00:00,1225.0,685.0,23.24,795.0,4.69,4.0
2611,2022-08-14 21:00:00,1257.0,371.0,14.85,486.0,9.29,3.0
2612,2022-08-14 22:00:00,1731.0,637.0,16.58,797.0,7.82,3.0
2613,2022-08-14 22:00:00,1169.0,507.0,12.66,614.0,6.9,4.0
2614,2022-08-14 23:00:00,687.0,301.5,8.889999,362.5,6.815,4.0
2618,2022-08-15 06:00:00,1417.0,729.0,16.285,869.0,4.545,4.0
2623,2022-08-15 07:00:00,981.0,232.0,17.05,326.0,10.75,3.0
2624,2022-08-15 07:00:00,1173.0,601.0,17.0,696.0,5.415,4.0
2625,2022-08-15 08:00:00,1417.0,633.5,18.425,773.5,6.455,4.0
2626,2022-08-15 08:00:00,1141.0,211.0,19.88,327.0,11.19,3.0
2628,2022-08-15 09:00:00,1327.0,199.0,18.75,331.5,14.425,3.0
2629,2022-08-15 09:00:00,1069.0,700.0,15.89,803.0,4.55,4.0
2630,2022-08-15 10:00:00,1420.0,506.0,9.99,635.0,8.04,3.0
2631,2022-08-15 10:00:00,1147.0,601.0,12.05,700.0,5.56,4.0
2632,2022-08-15 11:00:00,1197.0,760.0,12.440001,897.0,5.235,4.0
2633,2022-08-15 11:00:00,1420.0,542.0,12.67,675.0,7.83,3.0
2635,2022-08-15 12:00:00,1765.0,534.5,19.54,694.5,8.219999,3.0
2637,2022-08-15 12:00:00,1420.0,717.5,16.615002,846.0,6.035,4.0
2638,2022-08-15 13:00:00,1107.0,355.5,17.970001,455.0,8.745,3.0
2639,2022-08-15 14:00:00,850.0,325.0,16.01,407.0,7.9,3.0
2640,2022-08-15 14:00:00,1420.0,631.0,14.95,762.0,6.7,4.0
2642,2022-08-15 15:00:00,850.0,658.0,14.54,773.0,5.4049997,4.0
2643,2022-08-15 15:00:00,687.0,272.0,14.72,332.0,7.77,3.0
2648,2022-08-15 16:00:00,1420.0,931.0,14.73,1059.0,4.73,4.0
2652,2022-08-15 17:00:00,1257.0,254.0,15.48,369.0,12.25,3.0
2653,2022-08-15 17:00:00,1731.0,1451.0,13.78,1599.0,3.87,4.0
2663,2022-08-15 18:00:00,850.0,559.0,16.19,612.0,6.14,4.0
2664,2022-08-15 18:00:00,1731.0,574.0,15.245,731.0,8.51,3.0
2671,2022-08-16 06:00:00,646.0,646.0,17.26,706.0,3.29,4.0
2672,2022-08-16 07:00:00,568.0,388.0,19.1,441.0,4.63,4.0
2680,2022-08-16 10:00:00,1072.5,580.0,10.155,680.0,5.7799997,4.0
2681,2022-08-16 11:00:00,1056.5,533.0,13.525,627.0,5.5200005,4.0
2682,2022-08-16 11:00:00,677.5,213.5,12.97,273.5,8.88,3.0
2685,2022-08-16 12:00:00,1420.0,470.0,22.42,615.0,8.79,3.0
2687,2022-08-16 12:00:00,1420.0,628.0,21.94,757.0,6.74,4.0
2688,2022-08-16 13:00:00,1013.0,225.0,26.04,315.0,11.56,3.0
2689,2022-08-16 14:00:00,1257.0,600.0,13.97,715.0,6.32,4.0
2690,2022-08-16 15:00:00,1257.0,707.0,15.87,869.0,5.27,4.0
2691,2022-08-16 15:00:00,1165.0,375.0,17.06,487.0,8.18,3.0
2692,2022-08-16 16:00:00,1307.0,509.0,17.08,625.0,7.51,3.0
2700,2022-08-16 16:00:00,1069.0,696.0,18.62,818.0,5.07,4.0
2701,2022-08-16 17:00:00,577.0,239.0,18.24,296.0,7.11,3.0
2708,2022-08-16 17:00:00,1095.0,890.5,17.58,1020.5,4.3,4.0
2710,2022-08-16 18:00:00,1273.0,1039.5,21.125,1142.5,4.12,4.0
2716,2022-08-16 18:00:00,1195.0,382.5,21.24,495.5,8.75,3.0
2717,2022-08-16 19:00:00,1225.0,1170.0,20.47,1314.0,3.7,4.0
2718,2022-08-16 19:00:00,850.0,169.0,23.76,250.0,10.72,3.0
2722,2022-08-16 20:00:00,1417.0,601.0,22.9,712.0,5.83,4.0
2723,2022-08-16 20:00:00,1165.0,242.0,23.05,353.0,11.715,3.0
2724,2022-08-16 21:00:00,905.0,479.0,24.025002,564.0,5.9799995,4.0
2726,2022-08-16 21:00:00,1420.0,355.0,23.65,525.0,9.3,3.0
2754,2022-08-18 06:00:00,1738.5,795.0,16.915,942.5,6.585,4.0
2760,2022-08-18 07:00:00,1173.0,734.0,18.86,894.0,6.18,4.0
2762,2022-08-18 07:00:00,1200.0,323.5,18.705,442.5,9.655,3.0
2763,2022-08-18 08:00:00,1765.0,260.0,18.7,421.0,15.08,2.0
2764,2022-08-18 08:00:00,1885.5,280.0,18.96,451.0,12.379999,3.0
2765,2022-08-18 08:00:00,1893.0,757.0,19.38,923.0,7.21,4.0
2767,2022-08-18 09:00:00,1420.0,817.5,15.84,946.5,5.395,4.0
2769,2022-08-18 09:00:00,1160.0,286.0,17.91,389.0,10.71,3.0
2770,2022-08-18 10:00:00,1420.0,665.0,13.15,779.0,5.88,4.0
2771,2022-08-18 11:00:00,570.0,305.0,11.96,354.0,5.78,4.0
2772,2022-08-18 13:00:00,850.0,420.0,17.11,506.0,6.32,4.0
2776,2022-08-18 15:00:00,998.0,262.0,19.5,349.0,10.27,3.0
2782,2022-08-18 18:00:00,524.0,269.0,16.75,315.0,6.05,4.0
2790,2022-08-19 06:00:00,958.5,584.5,17.905,663.0,5.175,4.0
2796,2022-08-19 07:00:00,1417.0,449.0,17.55,590.0,8.63,3.0
2797,2022-08-19 07:00:00,1417.0,634.0,17.48,775.0,6.52,4.0
2801,2022-08-19 10:00:00,1420.0,548.0,12.860001,675.0,7.56,3.0
2802,2022-08-19 10:00:00,1893.0,870.0,13.63,993.0,5.61,4.0
2803,2022-08-19 11:00:00,1289.0,810.0,13.559999,937.0,4.7650003,4.0
2804,2022-08-19 11:00:00,1420.0,434.0,17.4,561.0,9.1,3.0
2805,2022-08-19 12:00:00,1319.0,330.5,19.88,446.5,10.535,3.0
2806,2022-08-19 12:00:00,1069.0,396.0,19.28,499.0,7.7,4.0
2815,2022-08-19 17:00:00,1765.0,1179.0,15.43,1327.5,4.745,4.0
2818,2022-08-19 18:00:00,1731.0,861.0,15.39,1018.0,4.7,4.0
2820,2022-08-19 18:00:00,1257.0,449.0,16.12,562.0,8.04,3.0
2822,2022-08-19 19:00:00,1420.0,448.0,17.325,574.0,8.815001,3.0
2823,2022-08-19 19:00:00,1893.0,850.0,16.06,1019.0,6.68,4.0
2831,2022-08-19 20:00:00,915.0,237.0,18.9,317.0,10.36,3.0
2836,2022-08-20 09:00:00,1420.0,764.0,13.795,892.0,5.325,4.0
2838,2022-08-20 10:00:00,1273.0,813.5,12.54,916.0,4.295,4.0
2843,2022-08-20 11:00:00,1147.0,652.0,9.25,779.0,5.72,4.0
2892,2022-08-21 18:00:00,850.0,601.0,11.74,682.5,4.4799995,4.0
2896,2022-08-21 20:00:00,1893.0,867.0,13.75,1037.0,5.55,4.0
2897,2022-08-21 20:00:00,1893.0,420.0,13.41,591.0,11.52,3.0
2898,2022-08-21 21:00:00,1257.0,962.5,21.099998,1092.0,4.5,4.0
2899,2022-08-21 22:00:00,1474.5,1008.5,18.52,1179.0,5.61,4.0
2900,2022-08-21 22:00:00,1420.0,363.0,16.54,489.5,10.54,3.0
2901,2022-08-22 06:00:00,998.0,386.0,22.16,475.0,7.55,3.0
2903,2022-08-22 06:00:00,1288.5,601.0,20.91,722.0,6.48,4.0
2906,2022-08-22 07:00:00,994.0,231.0,16.57,329.0,10.99,3.0
2914,2022-08-22 07:00:00,994.0,998.0,17.54,1113.0,2.62,4.0
2917,2022-08-22 08:00:00,1731.0,662.0,17.73,819.0,7.6000004,3.0
2918,2022-08-22 08:00:00,752.0,1336.0,15.77,1406.0,1.92,4.0
2920,2022-08-22 09:00:00,1731.0,542.5,18.685001,726.0,8.635,3.0
2921,2022-08-22 09:00:00,1237.0,778.0,17.81,919.0,5.64,4.0
2925,2022-08-22 10:00:00,994.0,720.0,18.24,817.0,4.32,4.0
2927,2022-08-22 11:00:00,850.0,686.0,13.44,769.0,3.97,4.0
2933,2022-08-22 12:00:00,850.0,305.0,15.81,385.0,8.24,3.0
2934,2022-08-22 12:00:00,1420.0,606.0,17.23,734.5,6.9449997,4.0
2939,2022-08-22 15:00:00,1257.0,460.0,14.32,573.5,7.835,3.0
2940,2022-08-22 15:00:00,1420.0,640.5,14.92,769.5,6.59,4.0
2946,2022-08-22 16:00:00,1175.0,467.0,14.44,566.0,7.31,4.0
2952,2022-08-22 17:00:00,850.0,819.5,12.125,893.5,3.21,4.0
2956,2022-08-22 18:00:00,570.0,540.0,13.8,589.0,3.47,4.0
2957,2022-08-22 19:00:00,1893.0,790.0,18.02,963.0,6.5,4.0
2958,2022-08-22 19:00:00,1257.0,414.0,17.29,527.5,8.565001,3.0
2959,2022-08-22 20:00:00,1731.0,722.0,18.74,882.0,7.0,4.0
2960,2022-08-22 20:00:00,1387.5,230.0,20.16,345.0,11.395,3.0
2962,2022-08-23 07:00:00,1568.0,687.0,20.95,848.0,5.38,4.0
2964,2022-08-23 07:00:00,1218.0,347.5,20.43,466.0,9.36,3.0
2976,2022-08-23 15:00:00,1418.0,514.0,18.79,645.0,7.83,3.0
2977,2022-08-23 15:00:00,1169.0,585.0,18.5,716.0,6.52,4.0
2997,2022-08-24 07:00:00,647.5,572.5,15.57,634.5,3.885,4.0
2999,2022-08-24 08:00:00,915.0,284.0,18.55,369.0,8.92,3.0
3000,2022-08-24 08:00:00,1194.0,586.0,15.04,695.0,6.17,4.0
3004,2022-08-24 10:00:00,1499.0,843.0,10.08,988.0,5.75,4.0
3005,2022-08-24 10:00:00,1032.0,329.0,11.69,424.0,8.74,3.0
3006,2022-08-24 11:00:00,850.0,578.0,8.71,656.0,4.87,4.0
3010,2022-08-24 15:00:00,725.0,558.5,11.389999,630.0,4.09,4.0
3018,2022-08-24 17:00:00,589.0,177.0,24.21,231.0,9.16,3.0
3019,2022-08-24 17:00:00,1292.0,702.0,13.69,767.0,6.76,4.0
3020,2022-08-24 18:00:00,1257.0,750.5,14.0,866.0,5.215,4.0
3021,2022-08-24 19:00:00,1257.0,743.0,14.05,859.0,5.26,4.0
3023,2022-08-25 06:00:00,556.0,593.0,13.17,642.0,3.11,4.0
3029,2022-08-25 07:00:00,540.0,586.0,13.5,639.5,3.005,4.0
3034,2022-08-25 09:00:00,1765.0,718.0,14.58,881.0,7.19,4.0
3035,2022-08-25 09:00:00,1765.0,682.0,14.91,845.0,7.51,3.0
3036,2022-08-25 10:00:00,1013.0,281.0,14.03,374.0,9.73,3.0
3037,2022-08-25 10:00:00,1194.0,493.0,13.47,603.0,7.12,4.0
3039,2022-08-25 14:00:00,1417.0,804.0,13.2,948.0,4.81,4.0
3041,2022-08-25 15:00:00,1175.0,587.0,15.74,664.0,5.33,4.0
3042,2022-08-25 15:00:00,850.0,288.0,13.98,359.0,7.55,3.0
3044,2022-08-25 16:00:00,1175.0,557.5,15.645,655.5,5.415,4.0
3045,2022-08-25 16:00:00,656.0,189.5,15.045,250.5,9.440001,3.0
3050,2022-08-25 17:00:00,1138.0,525.0,11.535,628.0,6.49,4.0
3051,2022-08-25 17:00:00,1420.0,544.0,12.889999,673.0,7.585,3.0
3053,2022-08-25 18:00:00,849.0,215.0,14.86,290.0,10.59,3.0
3063,2022-08-26 07:00:00,1068.0,618.0,17.41,701.0,7.14,4.0
3064,2022-08-26 07:00:00,1155.0,242.5,17.44,354.0,11.73,3.0
3071,2022-08-26 10:00:00,1420.0,830.0,11.0,953.0,5.2250004,4.0
3073,2022-08-26 11:00:00,1032.0,403.0,12.875,497.5,7.45,3.0
3074,2022-08-26 11:00:00,1420.0,817.0,10.84,936.0,5.54,4.0
3076,2022-08-26 12:00:00,1420.0,662.0,17.7,793.0,6.43,4.0
3077,2022-08-26 12:00:00,1420.0,250.0,21.744999,407.5,13.56,3.0
3078,2022-08-26 13:00:00,1420.0,541.5,20.14,673.0,7.88,3.0
3079,2022-08-26 13:00:00,1107.0,540.5,19.515,643.0,6.12,4.0
3080,2022-08-26 14:00:00,1420.0,492.0,17.19,624.0,8.18,3.0
3081,2022-08-26 14:00:00,1257.0,540.0,19.67,656.0,6.99,4.0
3082,2022-08-26 15:00:00,1354.5,711.0,12.495,836.0,5.825,4.0
3083,2022-08-26 15:00:00,1420.0,446.5,14.225,586.0,8.94,3.0
3084,2022-08-26 16:00:00,1292.0,399.5,17.2,514.5,10.25,3.0
3088,2022-08-26 16:00:00,1318.0,498.5,15.88,618.5,7.6400003,4.0
3135,2022-08-26 20:00:00,1289.0,452.0,17.615002,600.5,7.6949997,3.0
3136,2022-08-26 20:00:00,850.0,381.0,17.54,459.0,6.65,4.0
3290,2022-08-27 21:00:00,1289.0,368.0,14.05,493.0,9.53,3.0
3291,2022-08-27 21:00:00,1420.0,640.0,13.465,814.0,6.46,4.0
3301,2022-08-27 22:00:00,1767.5,299.0,17.34,461.5,13.805,3.0
3308,2022-08-28 08:00:00,1765.0,746.0,11.93,909.0,6.98,4.0
3312,2022-08-28 09:00:00,1420.0,745.5,9.82,898.0,6.35,4.0
3400,2022-08-28 17:00:00,2025.0,886.0,9.02,1032.0,5.66,4.0
3410,2022-08-28 18:00:00,1893.0,822.0,9.21,993.0,6.91,4.0
3428,2022-08-29 06:00:00,750.0,590.0,17.86,673.0,4.02,4.0
3431,2022-08-29 07:00:00,850.0,248.0,17.67,328.0,9.31,3.0
3432,2022-08-29 07:00:00,1169.0,511.0,17.86,598.0,7.06,4.0
3434,2022-08-29 08:00:00,702.0,296.5,16.84,359.0,7.03,4.0
3437,2022-08-29 08:00:00,791.5,197.0,19.135,271.0,10.74,3.0
3439,2022-08-29 10:00:00,1257.0,836.0,10.13,965.0,5.53,4.0
3440,2022-08-29 10:00:00,1731.0,677.0,10.765,837.0,7.43,3.0
3441,2022-08-29 11:00:00,1257.0,313.0,18.29,427.0,10.58,3.0
3442,2022-08-29 12:00:00,1417.0,737.0,16.9,867.5,5.3,4.0
3443,2022-08-29 12:00:00,1418.5,436.0,19.189999,573.0,9.585,3.0
3445,2022-08-29 13:00:00,1420.0,462.5,18.395,602.5,9.475,3.0
3446,2022-08-29 13:00:00,1225.0,578.0,17.51,709.0,6.07,4.0
3499,2022-08-30 07:00:00,905.0,224.0,20.25,312.0,10.43,3.0
3500,2022-08-30 07:00:00,1399.0,527.0,20.03,668.0,7.27,4.0
3515,2022-08-30 09:00:00,1053.5,1333.0,11.5,1453.5,2.94,4.0
3516,2022-08-30 10:00:00,1765.0,881.5,11.69,1032.0,5.56,4.0
3517,2022-08-30 10:00:00,733.0,113.0,24.7,181.0,14.53,2.0
3518,2022-08-30 10:00:00,1765.0,627.0,11.67,790.0,8.03,3.0
3554,2022-08-30 17:00:00,1013.0,390.0,18.345001,482.0,7.55,3.0
3555,2022-08-30 17:00:00,1273.0,775.0,19.395,833.5,6.03,4.0
3568,2022-08-30 18:00:00,1420.0,490.5,15.85,619.5,8.445,3.0
3569,2022-08-30 18:00:00,1712.0,1248.5,20.2,1327.5,3.83,4.0
3575,2022-08-30 19:00:00,1257.0,450.0,20.99,563.0,8.02,3.0
3576,2022-08-30 19:00:00,752.0,716.0,21.57,805.0,3.04,4.0
3578,2022-08-30 20:00:00,1731.0,234.0,22.25,394.0,15.8,2.0
3579,2022-08-30 20:00:00,1006.0,714.5,20.95,832.5,4.9,4.0
3580,2022-08-30 20:00:00,1194.0,206.0,21.64,321.0,12.26,3.0
3609,2022-08-31 15:00:00,1580.0,1131.0,13.67,1281.0,5.08,4.0
3614,2022-08-31 16:00:00,1053.0,565.5,10.925,672.0,5.41,4.0
3620,2022-08-31 17:00:00,1257.0,733.0,10.73,848.0,5.33,4.0
3627,2022-08-31 19:00:00,1257.0,366.5,17.48,480.5,9.405,3.0
3642,2022-09-01 09:00:00,1731.0,1165.5,13.49,1325.0,4.67,4.0
3643,2022-09-01 10:00:00,1420.0,757.5,10.809999,888.5,5.48,4.0
3645,2022-09-01 11:00:00,1420.0,1000.0,12.5,1131.5,4.45,4.0
3646,2022-09-01 11:00:00,878.0,345.0,12.09,427.0,7.39,3.0
3647,2022-09-01 12:00:00,1420.0,621.5,17.375,753.5,6.7799997,4.0
3648,2022-09-01 12:00:00,570.0,174.0,13.35,227.0,9.0,3.0
3659,2022-09-01 15:00:00,1417.0,690.0,12.59,827.0,5.78,4.0
3661,2022-09-01 15:00:00,1417.0,439.0,16.24,583.0,8.74,3.0
3668,2022-09-01 16:00:00,1069.0,296.0,16.279999,391.0,9.74,3.0
3669,2022-09-01 16:00:00,1500.0,743.5,12.389999,895.0,6.1000004,4.0
3685,2022-09-01 17:00:00,1731.0,842.0,14.43,1009.0,4.34,4.0
3704,2022-09-02 07:00:00,1112.0,233.0,15.53,346.0,11.96,3.0
3705,2022-09-02 07:00:00,750.0,545.0,16.37,630.0,4.16,4.0
3712,2022-09-02 08:00:00,542.0,520.0,21.994999,569.0,3.42,4.0
3720,2022-09-02 09:00:00,687.0,245.0,12.73,308.0,8.01,3.0
3721,2022-09-02 09:00:00,1420.0,704.5,15.34,810.0,5.855,4.0
3723,2022-09-02 10:00:00,567.0,232.0,18.21,289.0,7.04,3.0
3724,2022-09-02 10:00:00,1069.0,584.0,8.38,688.0,4.14,4.0
3726,2022-09-02 11:00:00,1107.0,805.0,8.79,908.0,4.42,4.0
3729,2022-09-02 11:00:00,570.0,193.0,13.67,246.0,8.31,3.0
3730,2022-09-02 12:00:00,1417.0,384.0,19.96,527.0,9.66,3.0
3731,2022-09-02 12:00:00,1417.0,531.5,17.84,675.0,7.545,4.0
3741,2022-09-02 15:00:00,878.0,533.0,10.82,612.0,5.11,4.0
3755,2022-09-02 16:00:00,1420.0,649.0,11.23,778.0,6.56,4.0
3765,2022-09-02 17:00:00,1420.0,444.0,13.39,573.0,8.92,3.0
3782,2022-09-02 18:00:00,1322.0,356.0,12.13,476.0,9.64,3.0
3783,2022-09-02 18:00:00,1731.0,988.5,14.33,1148.0,5.0299997,4.0
3792,2022-09-02 19:00:00,1194.0,459.0,17.985,569.0,7.545,3.0
3793,2022-09-02 19:00:00,1418.0,815.0,13.44,945.0,5.45,4.0
3795,2022-09-02 20:00:00,1420.0,646.0,15.65,777.0,6.57,4.0
3797,2022-09-02 20:00:00,1893.0,475.0,16.86,621.5,9.915,3.0
3808,2022-09-03 09:00:00,1399.0,691.0,11.96,832.0,5.62,4.0
3814,2022-09-03 09:00:00,1417.0,430.0,12.62,574.0,8.72,3.0
3823,2022-09-03 10:00:00,1257.0,638.0,11.05,781.0,5.41,4.0
3824,2022-09-03 10:00:00,1731.0,526.0,10.28,686.0,8.9,3.0
3832,2022-09-03 11:00:00,1026.0,539.0,9.3,659.0,5.45,4.0
3843,2022-09-03 12:00:00,1415.5,849.0,9.780001,1001.0,5.27,4.0
3864,2022-09-03 14:00:00,1731.0,679.0,12.25,839.0,7.42,3.0
3865,2022-09-03 14:00:00,1642.0,970.0,12.63,1120.0,5.28,4.0
3879,2022-09-03 15:00:00,1731.0,582.0,12.28,742.0,8.39,3.0
3974,2022-09-04 09:00:00,1420.0,916.5,6.955,1047.5,4.875,4.0
4034,2022-09-04 18:00:00,1920.0,549.0,13.47,726.0,9.09,3.0
4035,2022-09-04 18:00:00,1920.0,700.0,13.93,895.0,7.71,4.0
4047,2022-09-04 19:00:00,1418.0,835.0,9.4,966.0,5.28,4.0
4049,2022-09-04 20:00:00,1289.0,892.0,8.44,1010.0,4.59,4.0
4050,2022-09-04 21:00:00,1580.0,772.0,10.83,887.0,6.98,4.0
